,Accepts Apple Pay,Accepts Bitcoin,Accepts Credit Cards,Accepts Google Pay,Alcohol,Ambience,Attire,Best Nights,Bike Parking,Caters,Coat Check,Delivery,Dogs Allowed,Gender Neutral Restrooms,Good For,Good For Dancing,Good for Groups,Good for Kids,Good for Working,Happy Hour,Has Dairy-free Options,Has Gluten-free Options,Has Kosher Options,Has Pool Table,Has Soy-free Options,Has TV,Hygiene_score,Liked by Vegans,Liked by Vegetarians,Noise Level,Offers Military Discount,Open to All,Outdoor Seating,Parking,Smoking,Take-out,Takes Reservations,Waiter Service,Wheelchair Accessible,Wi-Fi,price_range,restaurant_name,restaurant_rating,restaurant_reviewcount,restaurant_zipcode,retaurant_address
0,No,No,Yes,No,Beer & Wine Only,"Trendy, Intimate",Casual,NA,No,No,NA,No,No,Yes,Dinner,NA,Yes,No,NA,Yes,NA,NA,NA,NA,NA,No,A,NA,NA,Average,NA,NA,No,Street,NA,No,No,Yes,No,No,$11-30,Benemon,4.5,432,10003,108 E 4th St
1,NA,NA,Yes,NA,NA,NA,Casual,NA,NA,NA,NA,No,No,Yes,NA,NA,Yes,Yes,NA,NA,Yes,NA,NA,NA,NA,No,NA,NA,Yes,Average,NA,NA,No,NA,NA,Yes,Yes,Yes,NA,NA,NA,Pado,5.0,14,10003,199 2nd Ave
2,No,NA,No,No,Beer & Wine Only,Casual,Casual,NA,Yes,No,NA,Yes,No,Yes,"Lunch, Dinner",NA,No,No,NA,NA,Yes,NA,NA,NA,NA,No,A,Yes,Yes,Average,NA,NA,No,Street,NA,Yes,No,Yes,No,No,$11-30,Raku,4.5,776,10003,342 E 6th St
3,No,NA,Yes,NA,Beer & Wine Only,Casual,Casual,NA,No,No,NA,No,NA,Yes,Dinner,NA,No,No,NA,NA,NA,NA,NA,NA,NA,No,A,NA,NA,Average,NA,NA,No,Street,NA,Yes,Yes,Yes,No,No,$11-30,Izakaya,4.0,230,10003,326 E 6th St
4,NA,NA,Yes,NA,Beer & Wine Only,Casual,Casual,NA,Yes,NA,NA,No,NA,Yes,"Lunch, Dinner",NA,Yes,Yes,NA,NA,NA,NA,NA,NA,NA,No,NA,NA,NA,Average,NA,NA,No,NA,NA,Yes,No,Yes,NA,No,$11-30,Jintan,4.0,46,10009,10th St & 1st Ave
5,NA,NA,NA,NA,NA,NA,NA,NA,NA,NA,NA,Yes,NA,NA,NA,NA,NA,NA,NA,NA,NA,NA,NA,NA,NA,NA,NA,NA,NA,NA,NA,NA,NA,NA,NA,Yes,No,NA,NA,NA,NA,Suki,4.5,18,10003,86 E 7th St
6,No,NA,Yes,NA,Beer & Wine Only,Classy,Casual,NA,No,No,NA,No,NA,Yes,Dinner,NA,No,No,NA,NA,NA,NA,NA,NA,NA,No,A,NA,NA,Quiet,NA,NA,No,Street,NA,No,Yes,Yes,NA,No,Above $61,Kyo Ya,4.5,432,10009,94 E 7th St
7,NA,NA,Yes,NA,NA,NA,NA,NA,NA,NA,NA,No,NA,NA,NA,NA,No,Yes,NA,NA,NA,NA,NA,NA,NA,NA,NA,NA,NA,NA,NA,NA,No,NA,NA,No,Yes,NA,NA,NA,NA,Restaurant Ukiyo,4.5,32,10003,239 E 5th St
8,No,NA,Yes,No,Beer & Wine Only,Casual,Casual,NA,Yes,No,NA,No,NA,Yes,"Lunch, Dinner",NA,Yes,Yes,NA,NA,NA,NA,NA,NA,NA,No,A,Yes,Yes,Average,NA,NA,No,Street,NA,No,No,NA,NA,No,$11-30,Soba-ya,4.0,1365,10003,229 E 9th St
9,No,NA,No,No,Beer & Wine Only,Casual,Casual,NA,Yes,Yes,NA,Yes,No,NA,"Dinner, Late Night",NA,No,No,NA,NA,NA,NA,NA,NA,NA,Yes,A,NA,NA,Average,NA,NA,No,Street,NA,Yes,Yes,Yes,No,No,$11-30,Ichibantei,4.0,182,10009,401 E 13th St
10,Yes,No,Yes,Yes,Beer & Wine Only,"Casual, Trendy",Casual,NA,Yes,Yes,NA,Yes,Yes,Yes,"Lunch, Dinner",NA,Yes,Yes,NA,NA,NA,NA,NA,NA,NA,No,A,NA,Yes,Average,NA,NA,Yes,Street,NA,Yes,No,No,No,Free,Under $10,DokoDemo,4.5,189,10003,89 E 4th St
11,No,No,Yes,No,Beer & Wine Only,Casual,Casual,NA,No,No,NA,Yes,NA,Yes,"Lunch, Dinner",NA,Yes,No,NA,NA,NA,NA,NA,NA,NA,No,A,NA,Yes,Quiet,NA,NA,No,Street,NA,Yes,Yes,NA,NA,No,$11-30,Ise Restaurant,4.5,315,10003,63 Cooper Sq
12,Yes,No,Yes,No,Beer & Wine Only,Intimate,Casual,NA,No,No,NA,No,No,Yes,Dinner,NA,No,No,NA,No,NA,NA,NA,NA,NA,No,A,NA,NA,Quiet,NA,NA,No,Street,NA,No,Yes,Yes,No,No,Above $61,Secchu Yokota,5.0,67,10009,199 E 3rd StFl 1
13,No,NA,Yes,No,Beer & Wine Only,Casual,Casual,NA,Yes,No,NA,No,NA,NA,"Dinner, Late Night",NA,Yes,No,NA,NA,NA,NA,NA,NA,NA,No,A,NA,NA,Loud,NA,NA,No,Street,NA,Yes,No,Yes,NA,No,$11-30,Yakitori Taisho,3.5,1522,10003,5 St Marks PlSte 1
14,No,NA,Yes,No,Beer & Wine Only,Intimate,Casual,NA,Yes,No,NA,No,No,Yes,Dinner,NA,No,No,NA,No,NA,NA,NA,NA,NA,No,A,NA,NA,Quiet,NA,NA,No,Street,NA,No,Yes,NA,No,No,Above $61,Kura,4.5,407,10009,130 St Marks Pl
15,No,No,Yes,No,Beer & Wine Only,"Intimate, Classy",Casual,"Mon, Sat, Sun",Yes,No,NA,No,NA,Yes,"Brunch, Lunch",No,No,No,No,No,NA,NA,NA,No,NA,No,A,NA,Yes,Average,NA,NA,No,Street,NA,No,No,Yes,NA,No,$11-30,Hi-Collar,4.0,439,10003,214 E 10th St
16,No,NA,Yes,NA,Beer & Wine Only,"Casual, Intimate",Casual,NA,Yes,No,NA,Yes,NA,Yes,Dinner,NA,No,No,NA,NA,NA,NA,NA,NA,NA,No,A,NA,NA,Quiet,NA,NA,No,Street,NA,Yes,Yes,Yes,NA,Free,$31-60,SenYa,4.0,204,10003,109 1st Ave
17,No,NA,Yes,NA,Beer & Wine Only,Casual,Casual,NA,Yes,Yes,NA,Yes,NA,Yes,Dinner,NA,Yes,Yes,NA,NA,NA,NA,NA,NA,NA,No,A,NA,NA,Average,NA,NA,No,Street,NA,Yes,No,Yes,NA,No,$11-30,Takahachi,4.0,511,10009,85 Ave A
18,No,NA,Yes,NA,Beer & Wine Only,NA,Casual,NA,Yes,No,NA,No,NA,NA,Dessert,NA,No,No,NA,NA,NA,NA,NA,NA,NA,No,B,NA,Yes,Average,NA,NA,No,Street,NA,Yes,No,Yes,NA,No,$11-30,Cha-An,4.0,1617,10003,230 E 9th StFl 2
19,No,NA,Yes,NA,Beer & Wine Only,NA,Casual,NA,Yes,No,NA,Yes,NA,Yes,Dinner,NA,Yes,Yes,NA,NA,NA,NA,NA,NA,NA,No,A,Yes,Yes,Average,NA,NA,No,NA,NA,Yes,No,Yes,NA,No,$11-30,Beron Beron,4.0,93,10009,164 1st Ave
20,NA,NA,Yes,NA,NA,NA,NA,NA,NA,Yes,NA,NA,NA,NA,NA,NA,NA,NA,NA,NA,NA,NA,NA,NA,NA,No,NA,NA,NA,NA,NA,Yes,No,NA,NA,NA,NA,NA,NA,NA,NA,Sakagura East Village,3.0,4,10003,231 E 9th St
21,No,NA,Yes,No,Beer & Wine Only,Casual,Casual,NA,Yes,No,NA,No,No,Yes,Dinner,NA,Yes,Yes,NA,NA,NA,NA,NA,NA,NA,No,A,NA,NA,Average,NA,NA,No,Street,NA,No,Yes,NA,NA,No,$11-30,Shabu-Tatsu East Village,4.0,584,10003,216 E 10th St
22,No,NA,Yes,NA,Full Bar,Casual,Casual,NA,Yes,No,NA,No,NA,NA,Dinner,NA,Yes,No,NA,NA,NA,NA,NA,NA,NA,No,A,NA,NA,Quiet,NA,NA,No,Street,NA,No,Yes,NA,NA,No,$11-30,Umi No Ie,4.0,145,10003,86 E 3rd St
23,No,NA,Yes,No,Full Bar,Casual,Casual,NA,Yes,No,NA,No,NA,NA,Dinner,NA,No,No,NA,NA,NA,NA,NA,NA,NA,No,A,NA,NA,Average,NA,NA,No,Street,NA,Yes,No,NA,NA,No,$31-60,Hasaki,4.0,349,10003,210 E 9th StBasement
24,No,NA,Yes,No,Beer & Wine Only,"Casual, Trendy",Casual,NA,No,No,NA,No,NA,NA,"Lunch, Dinner",NA,No,No,NA,NA,NA,NA,NA,NA,NA,Yes,A,NA,NA,Average,NA,NA,No,Street,NA,Yes,Yes,Yes,No,No,$11-30,Ikinari Steak East Village,4.0,677,10003,90 E 10th St
25,No,NA,No,No,Beer & Wine Only,Casual,Casual,NA,Yes,No,NA,No,NA,Yes,"Lunch, Dinner",NA,No,No,NA,NA,NA,NA,NA,NA,NA,No,A,Yes,NA,Average,NA,NA,No,Street,NA,Yes,No,Yes,NA,No,$11-30,Minca,4.0,1583,10009,536 E 5th St
26,No,NA,Yes,Yes,Beer & Wine Only,Casual,Casual,NA,Yes,No,NA,No,NA,NA,"Dinner, Late Night",NA,Yes,No,NA,NA,NA,NA,NA,NA,NA,No,B,NA,Yes,Loud,NA,NA,No,Street,NA,Yes,No,NA,NA,No,$11-30,Kenka,3.5,1467,10003,25 St Marks Pl
27,No,No,Yes,No,Beer & Wine Only,Casual,Casual,NA,Yes,Yes,NA,Yes,No,Yes,"Lunch, Dinner",NA,No,No,NA,NA,NA,NA,NA,NA,NA,No,A,NA,Yes,Average,NA,NA,No,Street,NA,Yes,No,NA,No,No,$11-30,Curry-Ya,4.0,684,10003,214 E 10th St
28,NA,NA,Yes,NA,Full Bar,"Casual, Intimate, Classy",Casual,Wed,No,No,No,No,NA,Yes,Dinner,No,Yes,No,NA,Yes,NA,NA,NA,NA,NA,No,NA,NA,NA,Quiet,NA,NA,No,Street,NA,No,Yes,Yes,Yes,No,$31-60,Autre Kyo Ya,4.0,93,10003,10 Stuyvesant St
29,Yes,No,Yes,Yes,Beer & Wine Only,"Casual, Trendy",Casual,NA,Yes,Yes,NA,Yes,Yes,Yes,"Lunch, Dinner",NA,Yes,Yes,NA,NA,NA,NA,NA,NA,NA,No,A,NA,Yes,Average,NA,NA,Yes,Street,NA,Yes,No,No,No,Free,Under $10,DokoDemo,4.5,189,10003,89 E 4th St
30,No,No,Yes,No,Beer & Wine Only,Casual,Casual,NA,No,No,NA,Yes,NA,Yes,"Lunch, Dinner",NA,Yes,No,NA,NA,NA,NA,NA,NA,NA,No,A,NA,Yes,Quiet,NA,NA,No,Street,NA,Yes,Yes,NA,NA,No,$11-30,Ise Restaurant,4.5,315,10003,63 Cooper Sq
31,Yes,No,Yes,No,Beer & Wine Only,Intimate,Casual,NA,No,No,NA,No,No,Yes,Dinner,NA,No,No,NA,No,NA,NA,NA,NA,NA,No,A,NA,NA,Quiet,NA,NA,No,Street,NA,No,Yes,Yes,No,No,Above $61,Secchu Yokota,5.0,67,10009,199 E 3rd StFl 1
32,No,NA,Yes,No,Beer & Wine Only,Casual,Casual,NA,Yes,No,NA,No,NA,NA,"Dinner, Late Night",NA,Yes,No,NA,NA,NA,NA,NA,NA,NA,No,A,NA,NA,Loud,NA,NA,No,Street,NA,Yes,No,Yes,NA,No,$11-30,Yakitori Taisho,3.5,1522,10003,5 St Marks PlSte 1
33,No,NA,Yes,No,Beer & Wine Only,Intimate,Casual,NA,Yes,No,NA,No,No,Yes,Dinner,NA,No,No,NA,No,NA,NA,NA,NA,NA,No,A,NA,NA,Quiet,NA,NA,No,Street,NA,No,Yes,NA,No,No,Above $61,Kura,4.5,407,10009,130 St Marks Pl
34,No,No,Yes,No,Beer & Wine Only,"Intimate, Classy",Casual,"Mon, Sat, Sun",Yes,No,NA,No,NA,Yes,"Brunch, Lunch",No,No,No,No,No,NA,NA,NA,No,NA,No,A,NA,Yes,Average,NA,NA,No,Street,NA,No,No,Yes,NA,No,$11-30,Hi-Collar,4.0,439,10003,214 E 10th St
35,No,NA,Yes,NA,Beer & Wine Only,"Casual, Intimate",Casual,NA,Yes,No,NA,Yes,NA,Yes,Dinner,NA,No,No,NA,NA,NA,NA,NA,NA,NA,No,A,NA,NA,Quiet,NA,NA,No,Street,NA,Yes,Yes,Yes,NA,Free,$31-60,SenYa,4.0,204,10003,109 1st Ave
36,No,NA,Yes,NA,Beer & Wine Only,Casual,Casual,NA,Yes,Yes,NA,Yes,NA,Yes,Dinner,NA,Yes,Yes,NA,NA,NA,NA,NA,NA,NA,No,A,NA,NA,Average,NA,NA,No,Street,NA,Yes,No,Yes,NA,No,$11-30,Takahachi,4.0,511,10009,85 Ave A
37,No,NA,Yes,NA,Beer & Wine Only,NA,Casual,NA,Yes,No,NA,No,NA,NA,Dessert,NA,No,No,NA,NA,NA,NA,NA,NA,NA,No,B,NA,Yes,Average,NA,NA,No,Street,NA,Yes,No,Yes,NA,No,$11-30,Cha-An,4.0,1617,10003,230 E 9th StFl 2
38,No,NA,Yes,NA,Beer & Wine Only,NA,Casual,NA,Yes,No,NA,Yes,NA,Yes,Dinner,NA,Yes,Yes,NA,NA,NA,NA,NA,NA,NA,No,A,Yes,Yes,Average,NA,NA,No,NA,NA,Yes,No,Yes,NA,No,$11-30,Beron Beron,4.0,93,10009,164 1st Ave
39,NA,NA,Yes,NA,NA,NA,NA,NA,NA,Yes,NA,NA,NA,NA,NA,NA,NA,NA,NA,NA,NA,NA,NA,NA,NA,No,NA,NA,NA,NA,NA,Yes,No,NA,NA,NA,NA,NA,NA,NA,NA,Sakagura East Village,3.0,4,10003,231 E 9th St
40,No,NA,Yes,No,Beer & Wine Only,Casual,Casual,NA,Yes,No,NA,No,No,Yes,Dinner,NA,Yes,Yes,NA,NA,NA,NA,NA,NA,NA,No,A,NA,NA,Average,NA,NA,No,Street,NA,No,Yes,NA,NA,No,$11-30,Shabu-Tatsu East Village,4.0,584,10003,216 E 10th St
41,No,NA,Yes,NA,Full Bar,Casual,Casual,NA,Yes,No,NA,No,NA,NA,Dinner,NA,Yes,No,NA,NA,NA,NA,NA,NA,NA,No,A,NA,NA,Quiet,NA,NA,No,Street,NA,No,Yes,NA,NA,No,$11-30,Umi No Ie,4.0,145,10003,86 E 3rd St
42,No,NA,Yes,No,Full Bar,Casual,Casual,NA,Yes,No,NA,No,NA,NA,Dinner,NA,No,No,NA,NA,NA,NA,NA,NA,NA,No,A,NA,NA,Average,NA,NA,No,Street,NA,Yes,No,NA,NA,No,$31-60,Hasaki,4.0,349,10003,210 E 9th StBasement
43,No,NA,Yes,No,Beer & Wine Only,"Casual, Trendy",Casual,NA,No,No,NA,No,NA,NA,"Lunch, Dinner",NA,No,No,NA,NA,NA,NA,NA,NA,NA,Yes,A,NA,NA,Average,NA,NA,No,Street,NA,Yes,Yes,Yes,No,No,$11-30,Ikinari Steak East Village,4.0,677,10003,90 E 10th St
44,No,NA,No,No,Beer & Wine Only,Casual,Casual,NA,Yes,No,NA,No,NA,Yes,"Lunch, Dinner",NA,No,No,NA,NA,NA,NA,NA,NA,NA,No,A,Yes,NA,Average,NA,NA,No,Street,NA,Yes,No,Yes,NA,No,$11-30,Minca,4.0,1583,10009,536 E 5th St
45,No,NA,Yes,Yes,Beer & Wine Only,Casual,Casual,NA,Yes,No,NA,No,NA,NA,"Dinner, Late Night",NA,Yes,No,NA,NA,NA,NA,NA,NA,NA,No,B,NA,Yes,Loud,NA,NA,No,Street,NA,Yes,No,NA,NA,No,$11-30,Kenka,3.5,1467,10003,25 St Marks Pl
46,No,No,Yes,No,Beer & Wine Only,Casual,Casual,NA,Yes,Yes,NA,Yes,No,Yes,"Lunch, Dinner",NA,No,No,NA,NA,NA,NA,NA,NA,NA,No,A,NA,Yes,Average,NA,NA,No,Street,NA,Yes,No,NA,No,No,$11-30,Curry-Ya,4.0,684,10003,214 E 10th St
47,NA,NA,Yes,NA,Full Bar,"Casual, Intimate, Classy",Casual,Wed,No,No,No,No,NA,Yes,Dinner,No,Yes,No,NA,Yes,NA,NA,NA,NA,NA,No,NA,NA,NA,Quiet,NA,NA,No,Street,NA,No,Yes,Yes,Yes,No,$31-60,Autre Kyo Ya,4.0,93,10003,10 Stuyvesant St
48,No,NA,Yes,NA,Full Bar,Casual,Casual,NA,Yes,Yes,NA,Yes,NA,Yes,Dinner,NA,Yes,No,NA,NA,NA,NA,NA,NA,NA,No,A,NA,NA,Average,NA,NA,No,Street,NA,Yes,Yes,Yes,NA,No,$31-60,Kanoyama,4.0,598,10003,175 2nd Ave
49,No,No,Yes,NA,Beer & Wine Only,Casual,Casual,NA,Yes,No,NA,Yes,NA,NA,Dinner,NA,Yes,No,NA,NA,NA,NA,NA,NA,NA,Yes,A,NA,Yes,Loud,NA,NA,No,Street,NA,Yes,Yes,NA,NA,Free,$11-30,Kotobuki Manhattan,4.0,531,10003,56 3rd Ave
50,No,No,Yes,No,Full Bar,Casual,Casual,NA,No,No,NA,No,NA,Yes,"Dinner, Late Night",NA,Yes,No,NA,NA,NA,NA,NA,NA,NA,No,A,NA,Yes,Loud,NA,NA,No,Street,NA,No,No,NA,NA,No,$11-30,Village Yokocho,3.5,721,10003,8 Stuyvesant St
51,NA,NA,Yes,NA,Beer & Wine Only,"Casual, Intimate",Casual,NA,No,No,NA,No,NA,Yes,Late Night,NA,Yes,No,NA,Yes,NA,NA,NA,No,NA,No,A,NA,NA,Average,NA,NA,No,Street,NA,Yes,Yes,NA,NA,Free,$11-30,Sake Bar Satsko,4.0,143,10009,202 E 7th St
52,No,No,Yes,No,No,NA,NA,NA,No,No,NA,Yes,No,Yes,NA,NA,Yes,Yes,NA,NA,NA,NA,NA,NA,NA,Yes,A,NA,NA,NA,NA,NA,No,Street,NA,Yes,No,No,Yes,Free,Under $10,Resobox  East Village,5.0,5,10003,91 E 3rd St
53,NA,NA,Yes,NA,Full Bar,NA,Casual,"Thu, Fri, Sat",Yes,No,NA,No,NA,Yes,Late Night,No,Yes,No,NA,No,NA,NA,NA,No,NA,No,A,NA,NA,Loud,NA,NA,No,Street,NA,No,No,NA,NA,No,$11-30,Sake Bar Decibel,4.0,907,10003,240 E 9th St
54,No,NA,Yes,NA,No,"Casual, Trendy",Casual,NA,Yes,No,NA,No,Yes,NA,"Lunch, Dinner",NA,No,Yes,NA,No,NA,NA,NA,NA,NA,No,A,NA,NA,Average,NA,NA,No,NA,NA,Yes,No,No,No,Free,$11-30,TongKatsu,5.0,164,10002,137 Rivington St
55,No,NA,Yes,NA,Beer & Wine Only,Intimate,Casual,NA,Yes,No,NA,No,NA,Yes,Dinner,NA,No,No,NA,NA,NA,NA,NA,NA,NA,No,A,NA,NA,Quiet,NA,Yes,No,Street,NA,No,Yes,Yes,No,No,$31-60,Yopparai,4.5,194,10002,151 Rivington StFl 1
56,No,No,Yes,No,Beer & Wine Only,Casual,Casual,NA,No,No,NA,No,No,Yes,"Lunch, Dinner",NA,Yes,Yes,NA,NA,NA,NA,NA,NA,NA,No,A,NA,Yes,Average,NA,NA,No,Street,NA,No,No,Yes,No,No,$11-30,Zundo-Ya,4.0,650,10003,84 E 10th St
57,No,No,Yes,No,Full Bar,Trendy,Casual,NA,No,No,NA,No,No,NA,"Lunch, Dinner",NA,Yes,Yes,NA,No,Yes,Yes,NA,NA,Yes,No,A,Yes,Yes,Loud,NA,NA,No,Street,NA,No,No,Yes,Yes,No,$11-30,Ippudo NY,4.0,9576,10003,65 4th Ave
58,NA,NA,Yes,NA,NA,NA,NA,NA,NA,Yes,NA,NA,NA,NA,NA,NA,NA,NA,NA,NA,NA,NA,NA,NA,NA,No,NA,NA,NA,NA,NA,Yes,No,NA,NA,NA,NA,NA,NA,NA,NA,Sakagura East Village,3.0,4,10003,231 E 9th St
59,No,NA,Yes,No,Beer & Wine Only,Casual,Casual,NA,Yes,No,NA,No,No,Yes,Dinner,NA,Yes,Yes,NA,NA,NA,NA,NA,NA,NA,No,A,NA,NA,Average,NA,NA,No,Street,NA,No,Yes,NA,NA,No,$11-30,Shabu-Tatsu East Village,4.0,584,10003,216 E 10th St
60,No,NA,Yes,NA,Full Bar,Casual,Casual,NA,Yes,No,NA,No,NA,NA,Dinner,NA,Yes,No,NA,NA,NA,NA,NA,NA,NA,No,A,NA,NA,Quiet,NA,NA,No,Street,NA,No,Yes,NA,NA,No,$11-30,Umi No Ie,4.0,145,10003,86 E 3rd St
61,No,NA,Yes,No,Full Bar,Casual,Casual,NA,Yes,No,NA,No,NA,NA,Dinner,NA,No,No,NA,NA,NA,NA,NA,NA,NA,No,A,NA,NA,Average,NA,NA,No,Street,NA,Yes,No,NA,NA,No,$31-60,Hasaki,4.0,349,10003,210 E 9th StBasement
62,No,NA,Yes,No,Beer & Wine Only,"Casual, Trendy",Casual,NA,No,No,NA,No,NA,NA,"Lunch, Dinner",NA,No,No,NA,NA,NA,NA,NA,NA,NA,Yes,A,NA,NA,Average,NA,NA,No,Street,NA,Yes,Yes,Yes,No,No,$11-30,Ikinari Steak East Village,4.0,677,10003,90 E 10th St
63,No,NA,No,No,Beer & Wine Only,Casual,Casual,NA,Yes,No,NA,No,NA,Yes,"Lunch, Dinner",NA,No,No,NA,NA,NA,NA,NA,NA,NA,No,A,Yes,NA,Average,NA,NA,No,Street,NA,Yes,No,Yes,NA,No,$11-30,Minca,4.0,1583,10009,536 E 5th St
64,No,NA,Yes,Yes,Beer & Wine Only,Casual,Casual,NA,Yes,No,NA,No,NA,NA,"Dinner, Late Night",NA,Yes,No,NA,NA,NA,NA,NA,NA,NA,No,B,NA,Yes,Loud,NA,NA,No,Street,NA,Yes,No,NA,NA,No,$11-30,Kenka,3.5,1467,10003,25 St Marks Pl
65,No,No,Yes,No,Beer & Wine Only,Casual,Casual,NA,Yes,Yes,NA,Yes,No,Yes,"Lunch, Dinner",NA,No,No,NA,NA,NA,NA,NA,NA,NA,No,A,NA,Yes,Average,NA,NA,No,Street,NA,Yes,No,NA,No,No,$11-30,Curry-Ya,4.0,684,10003,214 E 10th St
66,NA,NA,Yes,NA,Full Bar,"Casual, Intimate, Classy",Casual,Wed,No,No,No,No,NA,Yes,Dinner,No,Yes,No,NA,Yes,NA,NA,NA,NA,NA,No,NA,NA,NA,Quiet,NA,NA,No,Street,NA,No,Yes,Yes,Yes,No,$31-60,Autre Kyo Ya,4.0,93,10003,10 Stuyvesant St
67,No,NA,Yes,NA,Full Bar,Casual,Casual,NA,Yes,Yes,NA,Yes,NA,Yes,Dinner,NA,Yes,No,NA,NA,NA,NA,NA,NA,NA,No,A,NA,NA,Average,NA,NA,No,Street,NA,Yes,Yes,Yes,NA,No,$31-60,Kanoyama,4.0,598,10003,175 2nd Ave
68,No,No,Yes,NA,Beer & Wine Only,Casual,Casual,NA,Yes,No,NA,Yes,NA,NA,Dinner,NA,Yes,No,NA,NA,NA,NA,NA,NA,NA,Yes,A,NA,Yes,Loud,NA,NA,No,Street,NA,Yes,Yes,NA,NA,Free,$11-30,Kotobuki Manhattan,4.0,531,10003,56 3rd Ave
69,No,No,Yes,No,Full Bar,Casual,Casual,NA,No,No,NA,No,NA,Yes,"Dinner, Late Night",NA,Yes,No,NA,NA,NA,NA,NA,NA,NA,No,A,NA,Yes,Loud,NA,NA,No,Street,NA,No,No,NA,NA,No,$11-30,Village Yokocho,3.5,721,10003,8 Stuyvesant St
70,NA,NA,Yes,NA,Beer & Wine Only,"Casual, Intimate",Casual,NA,No,No,NA,No,NA,Yes,Late Night,NA,Yes,No,NA,Yes,NA,NA,NA,No,NA,No,A,NA,NA,Average,NA,NA,No,Street,NA,Yes,Yes,NA,NA,Free,$11-30,Sake Bar Satsko,4.0,143,10009,202 E 7th St
71,No,No,Yes,No,No,NA,NA,NA,No,No,NA,Yes,No,Yes,NA,NA,Yes,Yes,NA,NA,NA,NA,NA,NA,NA,Yes,A,NA,NA,NA,NA,NA,No,Street,NA,Yes,No,No,Yes,Free,Under $10,Resobox  East Village,5.0,5,10003,91 E 3rd St
72,NA,NA,Yes,NA,Full Bar,NA,Casual,"Thu, Fri, Sat",Yes,No,NA,No,NA,Yes,Late Night,No,Yes,No,NA,No,NA,NA,NA,No,NA,No,A,NA,NA,Loud,NA,NA,No,Street,NA,No,No,NA,NA,No,$11-30,Sake Bar Decibel,4.0,907,10003,240 E 9th St
73,No,NA,Yes,NA,No,"Casual, Trendy",Casual,NA,Yes,No,NA,No,Yes,NA,"Lunch, Dinner",NA,No,Yes,NA,No,NA,NA,NA,NA,NA,No,A,NA,NA,Average,NA,NA,No,NA,NA,Yes,No,No,No,Free,$11-30,TongKatsu,5.0,164,10002,137 Rivington St
74,No,NA,Yes,NA,Beer & Wine Only,Intimate,Casual,NA,Yes,No,NA,No,NA,Yes,Dinner,NA,No,No,NA,NA,NA,NA,NA,NA,NA,No,A,NA,NA,Quiet,NA,Yes,No,Street,NA,No,Yes,Yes,No,No,$31-60,Yopparai,4.5,194,10002,151 Rivington StFl 1
75,No,No,Yes,No,Beer & Wine Only,Casual,Casual,NA,No,No,NA,No,No,Yes,"Lunch, Dinner",NA,Yes,Yes,NA,NA,NA,NA,NA,NA,NA,No,A,NA,Yes,Average,NA,NA,No,Street,NA,No,No,Yes,No,No,$11-30,Zundo-Ya,4.0,650,10003,84 E 10th St
76,No,No,Yes,No,Full Bar,Trendy,Casual,NA,No,No,NA,No,No,NA,"Lunch, Dinner",NA,Yes,Yes,NA,No,Yes,Yes,NA,NA,Yes,No,A,Yes,Yes,Loud,NA,NA,No,Street,NA,No,No,Yes,Yes,No,$11-30,Ippudo NY,4.0,9576,10003,65 4th Ave
77,No,NA,Yes,NA,Beer & Wine Only,NA,Casual,NA,No,No,NA,No,NA,Yes,Dinner,NA,No,No,NA,NA,NA,NA,NA,NA,NA,No,A,NA,NA,Quiet,NA,NA,No,Street,NA,No,Yes,NA,NA,No,Above $61,Cagen Japan Restaurant,4.0,167,10009,414 E 9th St
78,No,No,Yes,No,Beer & Wine Only,"Hipster, Casual, Trendy",Casual,"Tue, Sat",No,No,No,Yes,No,NA,Dinner,No,Yes,Yes,NA,Yes,NA,NA,NA,NA,NA,No,A,NA,Yes,NA,NA,NA,No,"Garage, Street",No,Yes,Yes,Yes,Yes,No,$11-30,Izakaya Juraku,4.5,40,10002,121 Ludlow St
79,NA,NA,Yes,NA,No,"Casual, Trendy",Casual,NA,Yes,No,NA,Yes,No,Yes,NA,NA,No,No,NA,No,Yes,Yes,NA,NA,Yes,No,A,Yes,Yes,Average,NA,NA,No,Street,NA,Yes,Yes,Yes,Yes,Free,$11-30,Umami Sushi,4.5,49,10011,50 Greenwich Ave
80,No,No,Yes,No,Beer & Wine Only,Casual,Casual,NA,No,Yes,NA,Yes,NA,Yes,Dinner,NA,Yes,No,NA,NA,NA,NA,NA,NA,NA,No,A,NA,NA,Average,NA,NA,No,Street,NA,Yes,No,NA,NA,Free,$31-60,Yuba,4.0,348,10003,105 E 9th St
81,No,NA,No,No,No,Casual,Casual,NA,No,No,NA,No,NA,NA,Lunch,NA,No,Yes,NA,NA,NA,NA,NA,NA,NA,No,A,NA,NA,Average,NA,NA,No,Street,NA,Yes,No,No,NA,No,Under $10,Otafuku,3.5,467,10003,220 E 9th St
82,NA,No,Yes,NA,Beer & Wine Only,NA,Casual,NA,No,No,NA,No,No,NA,NA,NA,Yes,Yes,NA,No,NA,NA,NA,NA,NA,No,NA,Yes,Yes,Average,NA,NA,No,NA,NA,No,No,NA,No,No,$11-30,Menkoi Sato,4.5,81,10014,7 Cornelia St
83,No,No,Yes,No,Full Bar,Casual,Casual,NA,Yes,No,NA,No,No,NA,"Dinner, Late Night",NA,Yes,No,NA,NA,NA,NA,NA,NA,NA,No,B,NA,NA,Loud,NA,NA,Yes,Street,NA,Yes,No,Yes,NA,No,$11-30,Oh Taisho,3.5,936,10003,9 Saint Marks Pl
84,NA,NA,NA,NA,NA,NA,NA,NA,NA,NA,NA,Yes,NA,NA,NA,NA,NA,NA,NA,NA,NA,NA,NA,NA,NA,NA,NA,NA,NA,NA,NA,NA,NA,NA,NA,Yes,Yes,NA,NA,NA,NA,Ramen Mafia,4.5,29,11222,208 Franklin St
85,NA,NA,Yes,NA,No,NA,Casual,NA,No,Yes,NA,Yes,NA,NA,"Lunch, Dinner",NA,No,Yes,NA,NA,NA,NA,NA,NA,NA,No,A,NA,NA,Average,NA,NA,No,Street,NA,Yes,No,No,Yes,Free,$11-30,New Mizu Sushi,4.5,104,10003,350 E 9th St
86,NA,No,Yes,NA,Full Bar,"Casual, Trendy",Casual,NA,No,No,NA,Yes,No,Yes,Dinner,NA,Yes,No,NA,NA,Yes,Yes,NA,NA,Yes,No,NA,NA,Yes,Average,NA,NA,No,Street,NA,Yes,Yes,Yes,No,No,$11-30,nonono,4.0,197,10016,118 Madison Ave
87,No,No,Yes,NA,Beer & Wine Only,Casual,Casual,NA,Yes,No,NA,Yes,NA,NA,Dinner,NA,Yes,No,NA,NA,NA,NA,NA,NA,NA,Yes,A,NA,Yes,Loud,NA,NA,No,Street,NA,Yes,Yes,NA,NA,Free,$11-30,Kotobuki Manhattan,4.0,531,10003,56 3rd Ave
88,No,No,Yes,No,Full Bar,Casual,Casual,NA,No,No,NA,No,NA,Yes,"Dinner, Late Night",NA,Yes,No,NA,NA,NA,NA,NA,NA,NA,No,A,NA,Yes,Loud,NA,NA,No,Street,NA,No,No,NA,NA,No,$11-30,Village Yokocho,3.5,721,10003,8 Stuyvesant St
89,NA,NA,Yes,NA,Beer & Wine Only,"Casual, Intimate",Casual,NA,No,No,NA,No,NA,Yes,Late Night,NA,Yes,No,NA,Yes,NA,NA,NA,No,NA,No,A,NA,NA,Average,NA,NA,No,Street,NA,Yes,Yes,NA,NA,Free,$11-30,Sake Bar Satsko,4.0,143,10009,202 E 7th St
90,No,No,Yes,No,No,NA,NA,NA,No,No,NA,Yes,No,Yes,NA,NA,Yes,Yes,NA,NA,NA,NA,NA,NA,NA,Yes,A,NA,NA,NA,NA,NA,No,Street,NA,Yes,No,No,Yes,Free,Under $10,Resobox  East Village,5.0,5,10003,91 E 3rd St
91,NA,NA,Yes,NA,Full Bar,NA,Casual,"Thu, Fri, Sat",Yes,No,NA,No,NA,Yes,Late Night,No,Yes,No,NA,No,NA,NA,NA,No,NA,No,A,NA,NA,Loud,NA,NA,No,Street,NA,No,No,NA,NA,No,$11-30,Sake Bar Decibel,4.0,907,10003,240 E 9th St
92,No,NA,Yes,NA,No,"Casual, Trendy",Casual,NA,Yes,No,NA,No,Yes,NA,"Lunch, Dinner",NA,No,Yes,NA,No,NA,NA,NA,NA,NA,No,A,NA,NA,Average,NA,NA,No,NA,NA,Yes,No,No,No,Free,$11-30,TongKatsu,5.0,164,10002,137 Rivington St
93,No,NA,Yes,NA,Beer & Wine Only,Intimate,Casual,NA,Yes,No,NA,No,NA,Yes,Dinner,NA,No,No,NA,NA,NA,NA,NA,NA,NA,No,A,NA,NA,Quiet,NA,Yes,No,Street,NA,No,Yes,Yes,No,No,$31-60,Yopparai,4.5,194,10002,151 Rivington StFl 1
94,No,No,Yes,No,Beer & Wine Only,Casual,Casual,NA,No,No,NA,No,No,Yes,"Lunch, Dinner",NA,Yes,Yes,NA,NA,NA,NA,NA,NA,NA,No,A,NA,Yes,Average,NA,NA,No,Street,NA,No,No,Yes,No,No,$11-30,Zundo-Ya,4.0,650,10003,84 E 10th St
95,No,No,Yes,No,Full Bar,Trendy,Casual,NA,No,No,NA,No,No,NA,"Lunch, Dinner",NA,Yes,Yes,NA,No,Yes,Yes,NA,NA,Yes,No,A,Yes,Yes,Loud,NA,NA,No,Street,NA,No,No,Yes,Yes,No,$11-30,Ippudo NY,4.0,9576,10003,65 4th Ave
96,No,NA,Yes,NA,Beer & Wine Only,NA,Casual,NA,No,No,NA,No,NA,Yes,Dinner,NA,No,No,NA,NA,NA,NA,NA,NA,NA,No,A,NA,NA,Quiet,NA,NA,No,Street,NA,No,Yes,NA,NA,No,Above $61,Cagen Japan Restaurant,4.0,167,10009,414 E 9th St
97,No,No,Yes,No,Beer & Wine Only,"Hipster, Casual, Trendy",Casual,"Tue, Sat",No,No,No,Yes,No,NA,Dinner,No,Yes,Yes,NA,Yes,NA,NA,NA,NA,NA,No,A,NA,Yes,NA,NA,NA,No,"Garage, Street",No,Yes,Yes,Yes,Yes,No,$11-30,Izakaya Juraku,4.5,40,10002,121 Ludlow St
98,NA,NA,Yes,NA,No,"Casual, Trendy",Casual,NA,Yes,No,NA,Yes,No,Yes,NA,NA,No,No,NA,No,Yes,Yes,NA,NA,Yes,No,A,Yes,Yes,Average,NA,NA,No,Street,NA,Yes,Yes,Yes,Yes,Free,$11-30,Umami Sushi,4.5,49,10011,50 Greenwich Ave
99,No,No,Yes,No,Beer & Wine Only,Casual,Casual,NA,No,Yes,NA,Yes,NA,Yes,Dinner,NA,Yes,No,NA,NA,NA,NA,NA,NA,NA,No,A,NA,NA,Average,NA,NA,No,Street,NA,Yes,No,NA,NA,Free,$31-60,Yuba,4.0,348,10003,105 E 9th St
100,No,NA,No,No,No,Casual,Casual,NA,No,No,NA,No,NA,NA,Lunch,NA,No,Yes,NA,NA,NA,NA,NA,NA,NA,No,A,NA,NA,Average,NA,NA,No,Street,NA,Yes,No,No,NA,No,Under $10,Otafuku,3.5,467,10003,220 E 9th St
101,NA,No,Yes,NA,Beer & Wine Only,NA,Casual,NA,No,No,NA,No,No,NA,NA,NA,Yes,Yes,NA,No,NA,NA,NA,NA,NA,No,NA,Yes,Yes,Average,NA,NA,No,NA,NA,No,No,NA,No,No,$11-30,Menkoi Sato,4.5,81,10014,7 Cornelia St
102,No,No,Yes,No,Full Bar,Casual,Casual,NA,Yes,No,NA,No,No,NA,"Dinner, Late Night",NA,Yes,No,NA,NA,NA,NA,NA,NA,NA,No,B,NA,NA,Loud,NA,NA,Yes,Street,NA,Yes,No,Yes,NA,No,$11-30,Oh Taisho,3.5,936,10003,9 Saint Marks Pl
103,NA,NA,NA,NA,NA,NA,NA,NA,NA,NA,NA,Yes,NA,NA,NA,NA,NA,NA,NA,NA,NA,NA,NA,NA,NA,NA,NA,NA,NA,NA,NA,NA,NA,NA,NA,Yes,Yes,NA,NA,NA,NA,Ramen Mafia,4.5,29,11222,208 Franklin St
104,NA,NA,Yes,NA,No,NA,Casual,NA,No,Yes,NA,Yes,NA,NA,"Lunch, Dinner",NA,No,Yes,NA,NA,NA,NA,NA,NA,NA,No,A,NA,NA,Average,NA,NA,No,Street,NA,Yes,No,No,Yes,Free,$11-30,New Mizu Sushi,4.5,104,10003,350 E 9th St
105,NA,No,Yes,NA,Full Bar,"Casual, Trendy",Casual,NA,No,No,NA,Yes,No,Yes,Dinner,NA,Yes,No,NA,NA,Yes,Yes,NA,NA,Yes,No,NA,NA,Yes,Average,NA,NA,No,Street,NA,Yes,Yes,Yes,No,No,$11-30,nonono,4.0,197,10016,118 Madison Ave
106,No,NA,Yes,No,Full Bar,Casual,Casual,NA,Yes,No,NA,No,NA,NA,Dinner,NA,Yes,Yes,NA,Yes,NA,NA,NA,NA,NA,No,A,NA,Yes,Average,NA,NA,No,Street,NA,Yes,Yes,NA,NA,No,$31-60,Gyu-Kaku Japanese BBQ,4.0,1561,10003,34 Cooper Sq
107,No,No,Yes,No,Beer & Wine Only,Casual,Casual,NA,Yes,Yes,NA,Yes,No,Yes,"Lunch, Dinner",NA,Yes,Yes,NA,Yes,Yes,NA,NA,NA,NA,No,C,Yes,Yes,Average,NA,NA,No,Street,NA,Yes,Yes,Yes,NA,No,$11-30,Zen 6,4.0,526,10003,328 E 6th St
108,No,NA,Yes,NA,Full Bar,Casual,Casual,NA,Yes,No,No,Yes,NA,Yes,Dinner,No,Yes,No,NA,Yes,Yes,NA,NA,No,NA,Yes,A,Yes,Yes,Average,NA,Yes,No,Street,No,Yes,Yes,Yes,Yes,No,$11-30,Azasu,4.0,107,10002,49 Clinton St
109,No,NA,No,No,Beer & Wine Only,Casual,Casual,NA,Yes,No,NA,No,NA,Yes,"Dinner, Late Night",NA,No,No,NA,NA,NA,NA,NA,NA,NA,No,A,Yes,Yes,Average,NA,NA,No,Street,NA,Yes,No,NA,No,No,Under $10,Udon West,3.5,795,10003,11 St Marks Pl
110,No,NA,Yes,No,Full Bar,Intimate,Casual,"Fri, Sat",No,No,NA,No,No,Yes,Dinner,No,No,No,NA,No,NA,NA,NA,No,NA,No,B,NA,Yes,Quiet,NA,NA,No,Street,No,No,Yes,Yes,Yes,No,$31-60,Bohemian Restaurant,4.5,689,10012,57 Great Jones St
111,No,NA,Yes,NA,Beer & Wine Only,"Trendy, Intimate",Casual,NA,Yes,Yes,NA,Yes,NA,Yes,Dinner,NA,Yes,No,NA,Yes,NA,NA,NA,NA,NA,No,A,NA,NA,Average,NA,NA,Yes,Street,NA,Yes,Yes,Yes,Yes,No,$11-30,Bessou,4.0,171,10012,5 Bleecker St
112,No,NA,Yes,NA,Full Bar,Casual,Casual,NA,Yes,No,NA,No,NA,Yes,Late Night,NA,Yes,No,NA,Yes,NA,NA,NA,NA,NA,No,A,NA,NA,Average,NA,NA,No,Street,NA,Yes,No,Yes,NA,No,$11-30,212 Hisae’s,4.0,231,10003,212 E 9th St
113,No,No,Yes,NA,No,"Hipster, Casual, Trendy",Casual,NA,Yes,No,NA,Yes,No,NA,Dinner,NA,Yes,Yes,NA,No,NA,Yes,NA,NA,NA,Yes,NA,Yes,Yes,Average,NA,NA,No,Street,NA,Yes,No,Yes,Yes,No,$11-30,Tatsu Ramen,4.5,155,10003,167 1st Ave
114,No,No,Yes,NA,Full Bar,"Trendy, Intimate",Casual,"Wed, Thu, Sat",No,No,No,No,No,Yes,"Dinner, Late Night",No,No,No,NA,No,NA,NA,NA,No,NA,No,A,NA,NA,Average,NA,NA,No,Street,No,No,No,Yes,NA,No,$11-30,Bar Goto,4.5,180,10002,245 Eldridge St
115,NA,NA,Yes,NA,Beer & Wine Only,NA,NA,NA,Yes,Yes,NA,No,NA,NA,NA,NA,NA,NA,NA,No,NA,NA,NA,NA,NA,No,NA,NA,NA,NA,NA,NA,No,NA,NA,No,Yes,Yes,No,No,NA,Ume Williamsburg,4.5,56,11249,237 Kent Ave
116,NA,NA,Yes,No,Beer & Wine Only,Casual,Casual,NA,Yes,No,NA,Yes,NA,NA,"Lunch, Dinner",NA,Yes,Yes,NA,NA,NA,NA,NA,NA,NA,No,A,Yes,Yes,Average,NA,NA,No,Street,NA,Yes,Yes,Yes,NA,No,$11-30,Sushi Yasaka,4.0,1581,10023,251 W 72nd St
117,No,NA,Yes,NA,Full Bar,Trendy,Casual,NA,Yes,Yes,NA,Yes,NA,NA,Dinner,NA,Yes,Yes,NA,NA,NA,NA,NA,NA,NA,No,A,NA,Yes,Average,NA,NA,Yes,Street,NA,Yes,No,NA,NA,No,$31-60,Momoya,4.0,391,10024,427 Amsterdam Ave
118,Yes,NA,Yes,NA,Beer & Wine Only,Casual,Casual,NA,Yes,No,NA,Yes,NA,NA,Dinner,NA,Yes,Yes,NA,NA,NA,NA,NA,NA,NA,No,A,NA,Yes,Quiet,NA,NA,No,Street,NA,Yes,Yes,NA,NA,No,$11-30,Raku - It’s Japanese II,4.0,266,10023,57 W 76th St
119,No,No,Yes,No,Full Bar,"Casual, Trendy",Casual,NA,Yes,No,NA,Yes,No,Yes,"Lunch, Dinner",NA,Yes,Yes,NA,NA,NA,NA,NA,NA,NA,No,A,Yes,Yes,Average,NA,NA,No,Street,NA,Yes,Yes,Yes,Yes,No,$11-30,Izakaya ida,3.5,129,10023,141 W 72nd St
120,NA,No,Yes,NA,Beer & Wine Only,Casual,Casual,NA,No,No,NA,Yes,No,Yes,"Lunch, Dinner",NA,Yes,Yes,NA,Yes,NA,NA,NA,NA,NA,No,A,NA,NA,Quiet,NA,NA,No,Valet,NA,Yes,Yes,Yes,Yes,Free,$11-30,MIMI,4.5,79,10024,566 Amsterdam AveFl 1
121,No,NA,Yes,No,Full Bar,Casual,Casual,NA,Yes,Yes,NA,Yes,NA,NA,"Lunch, Dinner",NA,Yes,Yes,NA,NA,NA,NA,NA,NA,NA,No,A,NA,NA,Average,NA,NA,No,Street,NA,Yes,Yes,Yes,Yes,No,$11-30,Mido,4.0,161,10024,612 Amsterdam AveBet. West 89 St and West 90 St
122,No,No,Yes,No,Beer & Wine Only,Intimate,Casual,NA,No,No,NA,No,No,Yes,Dinner,NA,No,No,NA,No,NA,NA,NA,NA,NA,No,A,NA,NA,Quiet,NA,NA,No,Street,NA,No,Yes,Yes,Yes,No,Above $61,Sushi Kaito,4.5,121,10023,244 W 72nd St
123,No,NA,Yes,No,Full Bar,Casual,Casual,NA,Yes,No,NA,Yes,NA,Yes,"Lunch, Dinner",NA,Yes,Yes,NA,Yes,NA,NA,NA,NA,NA,No,A,NA,Yes,Loud,NA,NA,Yes,Street,NA,Yes,Yes,Yes,Yes,No,$11-30,Jin Ramen,4.0,715,10024,462 Amsterdam Ave
124,No,No,Yes,No,Beer & Wine Only,Casual,Casual,"Mon, Tue, Sat",No,No,No,No,No,NA,"Lunch, Dinner",No,Yes,Yes,NA,Yes,NA,NA,NA,No,NA,No,A,NA,Yes,Average,NA,NA,No,Street,No,Yes,No,Yes,Yes,No,$11-30,Zurutto Ramen & Gyoza Bar,4.0,291,10023,142 W 72nd St
125,No,NA,Yes,NA,Full Bar,Trendy,Casual,NA,Yes,Yes,NA,Yes,NA,Yes,"Lunch, Dinner",NA,Yes,Yes,NA,NA,NA,NA,NA,NA,NA,Yes,B,Yes,Yes,Average,NA,NA,No,Street,NA,Yes,Yes,Yes,NA,No,$11-30,Flame,4.0,291,10024,100 W 82nd St
126,NA,NA,Yes,NA,Full Bar,Casual,Casual,NA,Yes,Yes,NA,Yes,NA,NA,Dinner,NA,Yes,Yes,NA,NA,NA,NA,NA,NA,NA,No,A,NA,NA,Average,NA,NA,Yes,NA,NA,Yes,No,NA,NA,No,$11-30,Kouzan Japanese Restaurant,3.5,203,10025,685 Amsterdam Ave
127,NA,No,Yes,NA,Full Bar,"Casual, Romantic",Casual,NA,No,Yes,NA,Yes,No,NA,Lunch,NA,Yes,Yes,NA,NA,NA,NA,NA,NA,NA,Yes,NA,NA,Yes,Average,NA,NA,Yes,Street,NA,Yes,No,Yes,No,Free,$11-30,Amber,4.0,78,10023,103 W 70th St
128,No,NA,Yes,NA,Beer & Wine Only,Casual,Casual,NA,Yes,No,NA,Yes,NA,Yes,Dinner,NA,Yes,Yes,NA,NA,NA,NA,NA,NA,NA,Yes,B,NA,NA,Average,NA,NA,No,Street,NA,Yes,Yes,NA,NA,No,$11-30,Tenzan,3.5,418,10023,285 Columbus Ave
129,NA,NA,Yes,NA,Beer & Wine Only,Casual,Casual,NA,Yes,Yes,NA,Yes,NA,Yes,Dinner,NA,Yes,Yes,NA,Yes,NA,NA,NA,NA,NA,Yes,A,NA,NA,Average,NA,NA,No,Street,NA,Yes,Yes,Yes,Yes,Free,$11-30,Matsu,3.5,96,10024,483 Columbus Ave
130,No,No,Yes,No,Beer & Wine Only,Casual,Casual,NA,Yes,No,NA,No,NA,NA,Dinner,NA,No,No,NA,NA,NA,NA,NA,NA,NA,No,B,NA,NA,Average,NA,NA,No,Street,NA,No,Yes,NA,NA,No,$31-60,Yakitori Totto,4.0,1219,10019,251 W 55th StFl 2
131,Yes,NA,Yes,NA,Beer & Wine Only,Casual,Casual,NA,Yes,Yes,NA,Yes,NA,NA,Dinner,NA,Yes,Yes,NA,Yes,NA,NA,NA,NA,NA,No,A,NA,NA,Average,NA,NA,Yes,Street,NA,Yes,Yes,NA,NA,No,$11-30,Haru Sushi,3.5,206,10024,433 Amsterdam Ave
132,No,NA,Yes,No,Beer & Wine Only,NA,Casual,NA,No,Yes,NA,Yes,NA,Yes,Dinner,NA,No,No,NA,NA,NA,NA,NA,NA,NA,No,A,NA,NA,Average,NA,NA,Yes,Street,NA,Yes,Yes,NA,NA,No,Above $61,Gari Columbus,4.0,314,10024,370 Columbus Ave
133,NA,No,Yes,NA,Beer & Wine Only,NA,NA,NA,No,Yes,NA,Yes,No,NA,NA,NA,NA,NA,NA,No,NA,NA,NA,NA,NA,No,NA,NA,NA,NA,NA,NA,No,NA,NA,Yes,Yes,Yes,Yes,Free,NA,Kikoo Sushi,4.5,5,10025,998 Columbus Ave
134,NA,No,Yes,NA,Beer & Wine Only,NA,NA,NA,No,No,No,No,NA,NA,NA,No,No,Yes,NA,No,NA,NA,NA,NA,NA,Yes,NA,NA,NA,NA,NA,NA,No,Street,NA,Yes,No,Yes,Yes,No,NA,Ikinari Steak Lexington Ave,4.0,27,10021,1007 Lexington Ave
135,No,NA,Yes,NA,Full Bar,NA,Casual,NA,Yes,Yes,NA,Yes,No,Yes,NA,NA,Yes,Yes,NA,Yes,Yes,Yes,NA,NA,NA,Yes,NA,Yes,Yes,NA,NA,NA,No,NA,NA,Yes,Yes,Yes,Yes,No,NA,Dai Hachi Sushi,4.5,17,11101,46-18 Vernon Blvd
136,NA,NA,Yes,NA,Beer & Wine Only,NA,NA,NA,NA,NA,NA,No,NA,NA,NA,NA,No,No,NA,NA,NA,NA,NA,NA,NA,NA,NA,NA,NA,NA,NA,NA,NA,NA,NA,No,Yes,NA,NA,No,NA,?? ??,4.5,38,10075,181 E 78th St
137,No,NA,Yes,NA,Beer & Wine Only,Casual,Casual,NA,Yes,Yes,NA,Yes,NA,NA,"Lunch, Dinner",NA,Yes,Yes,NA,NA,NA,NA,NA,NA,NA,Yes,A,NA,NA,Average,NA,NA,No,Street,NA,Yes,No,NA,NA,No,$11-30,Miyako Sushi,3.5,198,10025,642 Amsterdam Ave
138,Yes,NA,Yes,NA,Beer & Wine Only,NA,NA,NA,No,NA,NA,Yes,NA,Yes,NA,NA,NA,NA,NA,NA,NA,NA,Yes,NA,NA,NA,NA,NA,NA,NA,NA,No,No,"Garage, Street",NA,Yes,Yes,Yes,Yes,Free,Above $61,Sushi Ryusei,4.5,38,10016,216 E 39th St
139,No,NA,Yes,No,Beer & Wine Only,NA,Casual,NA,No,No,NA,No,NA,NA,NA,No,Yes,Yes,NA,Yes,NA,NA,NA,NA,NA,Yes,NA,NA,NA,NA,NA,NA,No,Street,NA,Yes,Yes,Yes,Yes,No,$11-30,Ikinari Steak Upper West,4.0,36,10024,2233 Broadway
140,No,NA,Yes,No,Full Bar,Casual,Casual,NA,Yes,No,NA,Yes,NA,Yes,"Lunch, Dinner, Late Night",NA,Yes,Yes,NA,NA,NA,NA,NA,NA,NA,No,A,NA,Yes,Loud,NA,NA,No,NA,NA,Yes,Yes,Yes,NA,No,$11-30,Donburiya,4.0,211,10019,253 W 55th St
141,No,NA,Yes,No,Full Bar,NA,Casual,NA,No,No,NA,No,NA,Yes,Dinner,NA,Yes,No,NA,NA,NA,NA,NA,NA,NA,No,A,NA,Yes,Average,NA,NA,No,Street,NA,No,Yes,Yes,NA,No,$31-60,Sakagura,4.0,1668,10017,211 E 43rd St
142,No,No,Yes,No,Full Bar,Casual,Casual,NA,No,No,NA,Yes,NA,NA,"Dinner, Late Night",NA,Yes,No,NA,Yes,NA,NA,NA,NA,NA,No,A,Yes,Yes,Loud,NA,NA,No,Street,NA,Yes,No,Yes,NA,No,$11-30,Izakaya MEW,4.0,1916,10001,53 W 35th St
143,NA,No,Yes,NA,Full Bar,"Casual, Trendy",Casual,NA,No,No,NA,Yes,No,Yes,Dinner,NA,Yes,No,NA,NA,Yes,Yes,NA,NA,Yes,No,NA,NA,Yes,Average,NA,NA,No,Street,NA,Yes,Yes,Yes,No,No,$11-30,nonono,4.0,197,10016,118 Madison Ave
144,NA,NA,NA,NA,NA,NA,NA,NA,NA,NA,NA,Yes,NA,NA,NA,NA,NA,NA,NA,NA,NA,NA,NA,NA,NA,NA,NA,NA,NA,NA,NA,NA,NA,NA,NA,Yes,NA,NA,NA,NA,NA,Yume Japanese Funk Bar,3.5,4,10019,601 W 57th St
145,NA,NA,Yes,NA,Full Bar,"Casual, Classy, Upscale",Casual,NA,Yes,No,NA,No,NA,NA,"Lunch, Dinner",NA,Yes,Yes,NA,NA,NA,NA,NA,NA,NA,Yes,NA,NA,NA,Quiet,NA,NA,No,NA,NA,Yes,Yes,Yes,NA,No,$11-30,Ichiban Japanese Steakhouse,4.0,37,74055,9500 N 129th East AveSte 100
146,NA,NA,Yes,NA,NA,NA,Casual,NA,NA,NA,NA,Yes,NA,NA,NA,NA,Yes,Yes,NA,NA,NA,NA,NA,NA,NA,NA,NA,NA,NA,NA,NA,NA,No,NA,NA,Yes,NA,Yes,NA,NA,$11-30,Tokyo,3.5,8,74017,979 West Will Rogers Blvd
147,NA,NA,Yes,NA,NA,NA,Casual,NA,Yes,NA,NA,Yes,NA,NA,NA,NA,Yes,Yes,NA,NA,NA,NA,NA,NA,NA,Yes,NA,NA,NA,NA,NA,NA,No,NA,NA,Yes,No,NA,NA,NA,$11-30,Soho Hibachi & Sushi Bar,3.5,25,74006,320 SE Washington Blvd
148,Yes,NA,Yes,NA,Full Bar,Casual,Casual,NA,Yes,Yes,NA,No,NA,NA,"Lunch, Dinner",NA,Yes,Yes,NA,NA,NA,NA,NA,NA,NA,Yes,NA,Yes,Yes,Average,NA,NA,No,Private Lot,NA,Yes,Yes,Yes,NA,No,$11-30,Akira Sushi Bar,4.5,79,74055,9455 N Owasso ExpySte E
149,NA,NA,Yes,NA,Beer & Wine Only,NA,Casual,NA,No,No,NA,No,NA,NA,NA,NA,Yes,Yes,NA,NA,NA,NA,NA,NA,NA,Yes,NA,NA,NA,Average,NA,NA,No,NA,NA,Yes,Yes,NA,NA,Free,$11-30,Sushi One,4.0,26,74006,3805 SE Washington Blvd
150,No,No,Yes,No,Full Bar,"Hipster, Casual, Trendy",Casual,"Wed, Sat, Sun",Yes,No,No,Yes,NA,NA,"Lunch, Dinner",No,Yes,Yes,NA,Yes,NA,NA,NA,No,NA,Yes,NA,NA,Yes,Average,NA,NA,No,"Street, Private Lot",No,Yes,No,Yes,Yes,No,$11-30,JINYA Ramen Bar,4.0,228,74120,416 E 2nd St
151,No,NA,Yes,NA,Beer & Wine Only,Casual,Casual,NA,No,NA,NA,Yes,NA,NA,"Lunch, Dinner",NA,Yes,Yes,NA,NA,NA,NA,NA,NA,NA,No,NA,NA,NA,Quiet,NA,NA,No,Private Lot,NA,Yes,Yes,NA,NA,No,$11-30,Memories Of Japan,4.0,68,74012,2409 W Kenosha
152,No,NA,Yes,No,Beer & Wine Only,Casual,Casual,NA,No,Yes,NA,No,NA,NA,Dinner,NA,Yes,Yes,NA,NA,NA,NA,NA,NA,NA,No,NA,NA,NA,Quiet,NA,NA,No,Private Lot,NA,Yes,No,Yes,Yes,No,$11-30,"Sura,Korean and Japanese Cuisine",4.5,74,74136,6946 S Lewis Ave
153,NA,NA,Yes,NA,Beer & Wine Only,NA,Casual,NA,No,NA,NA,No,NA,NA,NA,NA,Yes,Yes,NA,NA,NA,NA,NA,NA,NA,Yes,NA,NA,NA,Average,NA,NA,No,Private Lot,NA,Yes,Yes,Yes,NA,NA,$11-30,Sakura,4.0,34,74063,221 E 2nd St
154,NA,NA,Yes,NA,Beer & Wine Only,Casual,Casual,NA,No,No,NA,No,NA,NA,"Lunch, Dinner",NA,Yes,Yes,NA,NA,NA,NA,NA,NA,NA,Yes,NA,NA,NA,Average,NA,NA,No,Private Lot,NA,Yes,Yes,Yes,NA,Free,$11-30,Sake 2 Me Sushi,4.5,125,74133,9205 E 71st St
155,NA,NA,Yes,No,Full Bar,Casual,Casual,NA,No,No,NA,No,NA,NA,Dinner,NA,Yes,Yes,NA,NA,NA,NA,NA,NA,NA,Yes,NA,NA,NA,Average,NA,NA,No,Private Lot,NA,Yes,Yes,NA,NA,No,$11-30,Tokyo Garden,4.0,55,74145,4020 S Memorial Dr
156,No,NA,Yes,No,Full Bar,"Trendy, Classy, Upscale",Casual,NA,Yes,No,NA,No,No,NA,"Lunch, Dinner",NA,Yes,Yes,NA,Yes,NA,NA,NA,NA,NA,Yes,NA,NA,Yes,Average,NA,NA,No,Private Lot,NA,Yes,Yes,Yes,NA,No,$11-30,Sushi Hana,4.5,73,74172,3739 S Peoria Ave
157,NA,NA,Yes,No,Beer & Wine Only,Casual,Casual,NA,No,No,NA,No,NA,NA,Lunch,NA,Yes,Yes,NA,NA,NA,NA,NA,NA,NA,Yes,NA,NA,NA,Average,NA,NA,No,NA,NA,Yes,Yes,NA,NA,No,$11-30,Tokyo Japanese Restaurant,4.0,57,74012,4942 W Kenosha St
158,No,No,Yes,NA,Full Bar,Trendy,Casual,NA,Yes,Yes,NA,No,NA,NA,Dinner,NA,Yes,No,NA,Yes,NA,NA,NA,NA,NA,Yes,NA,Yes,Yes,Average,NA,NA,No,Street,NA,Yes,Yes,NA,NA,Free,$11-30,Yokozuna,3.5,271,74120,309 E 2nd St
159,NA,NA,NA,NA,NA,NA,NA,NA,NA,NA,NA,NA,NA,NA,NA,NA,NA,NA,NA,NA,NA,NA,NA,NA,NA,NA,NA,NA,NA,NA,NA,NA,NA,NA,NA,NA,NA,NA,NA,NA,NA,MOSA Hibachi & Sushi Japanese Express,NA,NA,74354,505 N Main St
160,No,NA,Yes,No,Beer & Wine Only,Casual,Casual,NA,Yes,Yes,NA,No,NA,NA,"Lunch, Dinner",NA,Yes,Yes,NA,NA,NA,NA,NA,NA,NA,Yes,NA,Yes,Yes,Average,NA,NA,No,Private Lot,NA,Yes,Yes,Yes,Yes,Free,$11-30,Yutaka Grill & Sushi Buffet,3.5,94,74145,6560 E 51st StFarm Shopping Center
161,NA,No,Yes,NA,Beer & Wine Only,NA,Casual,NA,Yes,No,NA,No,No,NA,Lunch,NA,Yes,Yes,NA,NA,NA,NA,NA,NA,NA,Yes,NA,NA,NA,NA,NA,NA,No,Private Lot,NA,Yes,Yes,Yes,Yes,Free,$11-30,Caribbean Sushi,4.5,36,74011,3708 S Elm Pl
162,No,No,Yes,No,Beer & Wine Only,Casual,Casual,NA,No,Yes,NA,No,No,Yes,"Lunch, Dinner",NA,Yes,Yes,NA,NA,NA,NA,NA,NA,NA,No,NA,Yes,Yes,Average,NA,NA,Yes,Street,NA,Yes,No,No,Yes,Free,$11-30,Roppongi,4.0,77,74119,601 S Boston Ave
163,NA,NA,Yes,NA,Beer & Wine Only,Casual,Casual,NA,No,No,NA,No,NA,NA,NA,NA,Yes,Yes,NA,NA,NA,NA,NA,NA,NA,Yes,NA,NA,NA,Quiet,NA,NA,No,Private Lot,NA,Yes,No,NA,NA,No,$11-30,Sushi House,4.0,58,74012,1350 E Kenosha St
164,NA,NA,Yes,NA,Full Bar,Casual,Casual,NA,Yes,No,NA,No,NA,NA,"Lunch, Dinner",NA,Yes,Yes,NA,NA,NA,NA,NA,NA,NA,Yes,NA,NA,Yes,Loud,NA,NA,No,Private Lot,NA,Yes,Yes,NA,NA,No,$11-30,Osaka,3.0,98,74133,11016 E 81st St
165,NA,NA,NA,NA,NA,NA,NA,NA,NA,NA,NA,NA,NA,NA,NA,NA,NA,NA,NA,NA,NA,NA,NA,NA,NA,NA,NA,NA,NA,NA,NA,NA,NA,NA,NA,NA,NA,NA,NA,NA,NA,Kofu Sushi And Hibachi,5.0,1,74012,813 W Kenosha St
166,NA,NA,Yes,NA,Beer & Wine Only,Classy,Casual,NA,Yes,No,NA,No,NA,NA,"Lunch, Dinner",NA,Yes,Yes,NA,NA,NA,NA,NA,NA,NA,Yes,NA,NA,NA,Average,NA,NA,Yes,Private Lot,NA,Yes,Yes,NA,NA,No,$11-30,Sushi Hana,4.5,98,74137,9904 Riverside Pkwy
167,No,No,Yes,No,Full Bar,"Casual, Intimate, Romantic, Classy",Casual,NA,Yes,Yes,NA,Yes,No,NA,"Lunch, Dinner",NA,Yes,Yes,NA,Yes,NA,NA,NA,NA,NA,Yes,NA,NA,Yes,Average,NA,NA,No,Private Lot,NA,Yes,Yes,Yes,Yes,Free,$11-30,Roka,4.0,129,74104,1616 South Utica Ave
168,NA,No,Yes,NA,Full Bar,Trendy,Casual,NA,Yes,Yes,NA,Yes,No,NA,"Lunch, Dinner",NA,Yes,Yes,NA,Yes,NA,NA,NA,NA,NA,Yes,NA,Yes,Yes,Average,NA,NA,Yes,Private Lot,NA,Yes,Yes,Yes,Yes,Free,$11-30,Kirin Asian Cuisine & Sushi,4.0,96,74133,8041 S Mingo Rd
169,NA,No,Yes,No,Full Bar,"Casual, Trendy",Casual,NA,Yes,Yes,NA,Yes,NA,NA,"Brunch, Lunch, Dinner",NA,Yes,Yes,NA,Yes,NA,NA,NA,NA,NA,Yes,NA,NA,NA,Average,NA,NA,Yes,Private Lot,NA,Yes,Yes,Yes,Yes,Free,$11-30,Yokozuna Yale,3.5,113,74137,9146 S YaleSte 100
170,NA,NA,Yes,NA,Beer & Wine Only,NA,Casual,NA,Yes,Yes,NA,No,NA,NA,NA,NA,Yes,Yes,NA,NA,NA,NA,NA,NA,NA,No,NA,NA,NA,NA,Yes,NA,No,NA,NA,Yes,No,No,Yes,Free,$11-30,SushiFork,4.5,63,74132,8115 South Olympia Ave
171,No,NA,Yes,NA,Full Bar,Casual,Casual,NA,No,Yes,NA,No,NA,Yes,"Lunch, Dinner",NA,Yes,Yes,NA,NA,NA,NA,NA,NA,NA,Yes,NA,Yes,Yes,Average,NA,NA,No,Private Lot,NA,Yes,Yes,NA,NA,Free,$11-30,The Tropical,4.5,161,74145,8125 E 49th St
172,No,NA,Yes,NA,Full Bar,Trendy,Casual,NA,Yes,Yes,NA,Yes,NA,NA,"Lunch, Dinner",NA,Yes,No,NA,Yes,NA,NA,NA,NA,NA,Yes,NA,Yes,Yes,Average,NA,NA,No,Private Lot,NA,Yes,Yes,Yes,Yes,No,$11-30,Keo,4.0,93,74105,3524 S Peoria Ave
173,NA,NA,Yes,No,Full Bar,Casual,Casual,NA,No,No,NA,No,NA,NA,Dinner,NA,Yes,Yes,NA,NA,NA,NA,NA,NA,NA,Yes,NA,NA,NA,Average,NA,NA,No,Private Lot,NA,Yes,Yes,NA,NA,No,$11-30,Tokyo Garden,4.0,55,74145,4020 S Memorial Dr
174,No,NA,Yes,No,Full Bar,"Trendy, Classy, Upscale",Casual,NA,Yes,No,NA,No,No,NA,"Lunch, Dinner",NA,Yes,Yes,NA,Yes,NA,NA,NA,NA,NA,Yes,NA,NA,Yes,Average,NA,NA,No,Private Lot,NA,Yes,Yes,Yes,NA,No,$11-30,Sushi Hana,4.5,73,74172,3739 S Peoria Ave
175,NA,NA,Yes,No,Beer & Wine Only,Casual,Casual,NA,No,No,NA,No,NA,NA,Lunch,NA,Yes,Yes,NA,NA,NA,NA,NA,NA,NA,Yes,NA,NA,NA,Average,NA,NA,No,NA,NA,Yes,Yes,NA,NA,No,$11-30,Tokyo Japanese Restaurant,4.0,57,74012,4942 W Kenosha St
176,No,No,Yes,NA,Full Bar,Trendy,Casual,NA,Yes,Yes,NA,No,NA,NA,Dinner,NA,Yes,No,NA,Yes,NA,NA,NA,NA,NA,Yes,NA,Yes,Yes,Average,NA,NA,No,Street,NA,Yes,Yes,NA,NA,Free,$11-30,Yokozuna,3.5,271,74120,309 E 2nd St
177,NA,NA,NA,NA,NA,NA,NA,NA,NA,NA,NA,NA,NA,NA,NA,NA,NA,NA,NA,NA,NA,NA,NA,NA,NA,NA,NA,NA,NA,NA,NA,NA,NA,NA,NA,NA,NA,NA,NA,NA,NA,MOSA Hibachi & Sushi Japanese Express,NA,NA,74354,505 N Main St
178,No,NA,Yes,No,Beer & Wine Only,Casual,Casual,NA,Yes,Yes,NA,No,NA,NA,"Lunch, Dinner",NA,Yes,Yes,NA,NA,NA,NA,NA,NA,NA,Yes,NA,Yes,Yes,Average,NA,NA,No,Private Lot,NA,Yes,Yes,Yes,Yes,Free,$11-30,Yutaka Grill & Sushi Buffet,3.5,94,74145,6560 E 51st StFarm Shopping Center
179,NA,No,Yes,NA,Beer & Wine Only,NA,Casual,NA,Yes,No,NA,No,No,NA,Lunch,NA,Yes,Yes,NA,NA,NA,NA,NA,NA,NA,Yes,NA,NA,NA,NA,NA,NA,No,Private Lot,NA,Yes,Yes,Yes,Yes,Free,$11-30,Caribbean Sushi,4.5,36,74011,3708 S Elm Pl
180,No,No,Yes,No,Beer & Wine Only,Casual,Casual,NA,No,Yes,NA,No,No,Yes,"Lunch, Dinner",NA,Yes,Yes,NA,NA,NA,NA,NA,NA,NA,No,NA,Yes,Yes,Average,NA,NA,Yes,Street,NA,Yes,No,No,Yes,Free,$11-30,Roppongi,4.0,77,74119,601 S Boston Ave
181,NA,NA,Yes,NA,Beer & Wine Only,Casual,Casual,NA,No,No,NA,No,NA,NA,NA,NA,Yes,Yes,NA,NA,NA,NA,NA,NA,NA,Yes,NA,NA,NA,Quiet,NA,NA,No,Private Lot,NA,Yes,No,NA,NA,No,$11-30,Sushi House,4.0,58,74012,1350 E Kenosha St
182,NA,NA,Yes,NA,Full Bar,Casual,Casual,NA,Yes,No,NA,No,NA,NA,"Lunch, Dinner",NA,Yes,Yes,NA,NA,NA,NA,NA,NA,NA,Yes,NA,NA,Yes,Loud,NA,NA,No,Private Lot,NA,Yes,Yes,NA,NA,No,$11-30,Osaka,3.0,98,74133,11016 E 81st St
183,NA,NA,NA,NA,NA,NA,NA,NA,NA,NA,NA,NA,NA,NA,NA,NA,NA,NA,NA,NA,NA,NA,NA,NA,NA,NA,NA,NA,NA,NA,NA,NA,NA,NA,NA,NA,NA,NA,NA,NA,NA,Kofu Sushi And Hibachi,5.0,1,74012,813 W Kenosha St
184,NA,NA,Yes,NA,Beer & Wine Only,Classy,Casual,NA,Yes,No,NA,No,NA,NA,"Lunch, Dinner",NA,Yes,Yes,NA,NA,NA,NA,NA,NA,NA,Yes,NA,NA,NA,Average,NA,NA,Yes,Private Lot,NA,Yes,Yes,NA,NA,No,$11-30,Sushi Hana,4.5,98,74137,9904 Riverside Pkwy
185,No,No,Yes,No,Full Bar,"Casual, Intimate, Romantic, Classy",Casual,NA,Yes,Yes,NA,Yes,No,NA,"Lunch, Dinner",NA,Yes,Yes,NA,Yes,NA,NA,NA,NA,NA,Yes,NA,NA,Yes,Average,NA,NA,No,Private Lot,NA,Yes,Yes,Yes,Yes,Free,$11-30,Roka,4.0,129,74104,1616 South Utica Ave
186,NA,No,Yes,NA,Full Bar,Trendy,Casual,NA,Yes,Yes,NA,Yes,No,NA,"Lunch, Dinner",NA,Yes,Yes,NA,Yes,NA,NA,NA,NA,NA,Yes,NA,Yes,Yes,Average,NA,NA,Yes,Private Lot,NA,Yes,Yes,Yes,Yes,Free,$11-30,Kirin Asian Cuisine & Sushi,4.0,96,74133,8041 S Mingo Rd
187,NA,No,Yes,No,Full Bar,"Casual, Trendy",Casual,NA,Yes,Yes,NA,Yes,NA,NA,"Brunch, Lunch, Dinner",NA,Yes,Yes,NA,Yes,NA,NA,NA,NA,NA,Yes,NA,NA,NA,Average,NA,NA,Yes,Private Lot,NA,Yes,Yes,Yes,Yes,Free,$11-30,Yokozuna Yale,3.5,113,74137,9146 S YaleSte 100
188,NA,NA,Yes,NA,Beer & Wine Only,NA,Casual,NA,Yes,Yes,NA,No,NA,NA,NA,NA,Yes,Yes,NA,NA,NA,NA,NA,NA,NA,No,NA,NA,NA,NA,Yes,NA,No,NA,NA,Yes,No,No,Yes,Free,$11-30,SushiFork,4.5,63,74132,8115 South Olympia Ave
189,No,NA,Yes,NA,Full Bar,Casual,Casual,NA,No,Yes,NA,No,NA,Yes,"Lunch, Dinner",NA,Yes,Yes,NA,NA,NA,NA,NA,NA,NA,Yes,NA,Yes,Yes,Average,NA,NA,No,Private Lot,NA,Yes,Yes,NA,NA,Free,$11-30,The Tropical,4.5,161,74145,8125 E 49th St
190,No,NA,Yes,NA,Full Bar,Trendy,Casual,NA,Yes,Yes,NA,Yes,NA,NA,"Lunch, Dinner",NA,Yes,No,NA,Yes,NA,NA,NA,NA,NA,Yes,NA,Yes,Yes,Average,NA,NA,No,Private Lot,NA,Yes,Yes,Yes,Yes,No,$11-30,Keo,4.0,93,74105,3524 S Peoria Ave
191,NA,NA,Yes,NA,Beer & Wine Only,Casual,Casual,NA,Yes,No,NA,Yes,NA,NA,Dinner,NA,Yes,Yes,NA,NA,NA,NA,NA,NA,NA,Yes,NA,NA,NA,Quiet,NA,NA,No,Private Lot,NA,Yes,No,NA,NA,Free,$11-30,Asahi Japanese Restaurant,3.0,37,74133,7831 E 71st St
192,NA,NA,NA,NA,NA,NA,NA,NA,NA,NA,NA,NA,NA,NA,NA,NA,NA,NA,NA,NA,NA,NA,NA,NA,NA,NA,NA,NA,NA,NA,NA,NA,NA,NA,NA,NA,NA,NA,NA,NA,NA,Sumo Sushi & Hibachi,NA,NA,74012,1728 N 9th St
193,No,NA,Yes,NA,Full Bar,NA,Casual,NA,No,Yes,NA,Yes,NA,NA,"Lunch, Dinner",NA,Yes,Yes,NA,No,NA,NA,NA,NA,NA,Yes,NA,NA,NA,Average,NA,NA,No,Private Lot,NA,Yes,Yes,Yes,Yes,No,$11-30,Fuji Sushi Bar,3.5,71,74133,8226 E 71st St
194,No,NA,Yes,NA,No,Casual,Casual,NA,Yes,Yes,NA,Yes,NA,NA,"Lunch, Dinner",NA,Yes,Yes,NA,NA,NA,NA,NA,NA,NA,No,NA,NA,NA,Quiet,NA,NA,No,Private Lot,NA,Yes,No,Yes,NA,No,Under $10,Asian Fusion,4.5,72,74133,6565 E 71st St
195,NA,NA,Yes,NA,Full Bar,Casual,Casual,NA,Yes,Yes,NA,No,NA,NA,"Lunch, Dinner",NA,Yes,Yes,NA,NA,NA,NA,NA,NA,NA,Yes,NA,NA,NA,Quiet,NA,NA,No,Private Lot,NA,Yes,Yes,NA,NA,No,$11-30,Sobahn,3.5,79,74133,7315 S Memorial Dr
196,No,NA,Yes,NA,No,Casual,Casual,NA,No,Yes,NA,No,NA,NA,"Lunch, Dinner",NA,Yes,Yes,NA,NA,NA,NA,NA,NA,NA,Yes,NA,NA,NA,Quiet,NA,NA,No,NA,NA,Yes,Yes,Yes,NA,No,$11-30,Seoul Bistro,4.5,84,74134,3161 S 129th E AveSte N
197,NA,NA,Yes,NA,NA,NA,NA,NA,NA,NA,NA,Yes,NA,NA,NA,NA,NA,NA,NA,NA,NA,NA,NA,NA,NA,NA,NA,NA,NA,NA,NA,NA,No,NA,NA,Yes,No,NA,No,No,NA,Aromas of Asia,3.0,6,74145,3530 S Sheridan Rd
198,NA,NA,Yes,NA,Full Bar,Casual,Casual,NA,No,No,NA,No,NA,NA,"Lunch, Dinner",NA,No,No,NA,NA,NA,NA,NA,NA,NA,Yes,NA,NA,NA,Average,NA,NA,No,Street,NA,Yes,No,NA,NA,No,$11-30,The Sushi Place,3.5,64,74103,115 W 3rd StSte 100
199,NA,NA,Yes,NA,Full Bar,Romantic,Dressy,NA,Yes,NA,NA,No,NA,NA,"Dinner, Dessert",NA,Yes,No,NA,NA,NA,NA,NA,NA,NA,No,NA,NA,NA,Quiet,NA,NA,No,Valet,NA,No,Yes,NA,NA,Free,Above $61,McGills on 19,3.5,49,74015,777 W Cherokee StHard Rock Hotel & Casino
200,NA,NA,Yes,NA,No,NA,Casual,NA,NA,NA,NA,No,NA,NA,Lunch,NA,Yes,Yes,NA,Yes,NA,NA,NA,NA,NA,Yes,NA,NA,NA,Average,NA,NA,No,Private Lot,NA,Yes,Yes,No,Yes,No,Under $10,Red Moon,3.5,24,74464,761 Holiday Dr
201,NA,NA,NA,NA,NA,NA,NA,NA,NA,NA,NA,NA,NA,NA,NA,NA,NA,NA,NA,NA,NA,NA,NA,NA,NA,NA,NA,NA,NA,NA,NA,NA,NA,NA,NA,NA,NA,NA,NA,NA,NA,Kofu Sushi And Hibachi,5.0,1,74012,813 W Kenosha St
202,NA,NA,Yes,NA,Beer & Wine Only,Classy,Casual,NA,Yes,No,NA,No,NA,NA,"Lunch, Dinner",NA,Yes,Yes,NA,NA,NA,NA,NA,NA,NA,Yes,NA,NA,NA,Average,NA,NA,Yes,Private Lot,NA,Yes,Yes,NA,NA,No,$11-30,Sushi Hana,4.5,98,74137,9904 Riverside Pkwy
203,No,No,Yes,No,Full Bar,"Casual, Intimate, Romantic, Classy",Casual,NA,Yes,Yes,NA,Yes,No,NA,"Lunch, Dinner",NA,Yes,Yes,NA,Yes,NA,NA,NA,NA,NA,Yes,NA,NA,Yes,Average,NA,NA,No,Private Lot,NA,Yes,Yes,Yes,Yes,Free,$11-30,Roka,4.0,129,74104,1616 South Utica Ave
204,NA,No,Yes,NA,Full Bar,Trendy,Casual,NA,Yes,Yes,NA,Yes,No,NA,"Lunch, Dinner",NA,Yes,Yes,NA,Yes,NA,NA,NA,NA,NA,Yes,NA,Yes,Yes,Average,NA,NA,Yes,Private Lot,NA,Yes,Yes,Yes,Yes,Free,$11-30,Kirin Asian Cuisine & Sushi,4.0,96,74133,8041 S Mingo Rd
205,NA,No,Yes,No,Full Bar,"Casual, Trendy",Casual,NA,Yes,Yes,NA,Yes,NA,NA,"Brunch, Lunch, Dinner",NA,Yes,Yes,NA,Yes,NA,NA,NA,NA,NA,Yes,NA,NA,NA,Average,NA,NA,Yes,Private Lot,NA,Yes,Yes,Yes,Yes,Free,$11-30,Yokozuna Yale,3.5,113,74137,9146 S YaleSte 100
206,NA,NA,Yes,NA,Beer & Wine Only,NA,Casual,NA,Yes,Yes,NA,No,NA,NA,NA,NA,Yes,Yes,NA,NA,NA,NA,NA,NA,NA,No,NA,NA,NA,NA,Yes,NA,No,NA,NA,Yes,No,No,Yes,Free,$11-30,SushiFork,4.5,63,74132,8115 South Olympia Ave
207,No,NA,Yes,NA,Full Bar,Casual,Casual,NA,No,Yes,NA,No,NA,Yes,"Lunch, Dinner",NA,Yes,Yes,NA,NA,NA,NA,NA,NA,NA,Yes,NA,Yes,Yes,Average,NA,NA,No,Private Lot,NA,Yes,Yes,NA,NA,Free,$11-30,The Tropical,4.5,161,74145,8125 E 49th St
208,No,NA,Yes,NA,Full Bar,Trendy,Casual,NA,Yes,Yes,NA,Yes,NA,NA,"Lunch, Dinner",NA,Yes,No,NA,Yes,NA,NA,NA,NA,NA,Yes,NA,Yes,Yes,Average,NA,NA,No,Private Lot,NA,Yes,Yes,Yes,Yes,No,$11-30,Keo,4.0,93,74105,3524 S Peoria Ave
209,NA,NA,Yes,NA,Beer & Wine Only,Casual,Casual,NA,Yes,No,NA,Yes,NA,NA,Dinner,NA,Yes,Yes,NA,NA,NA,NA,NA,NA,NA,Yes,NA,NA,NA,Quiet,NA,NA,No,Private Lot,NA,Yes,No,NA,NA,Free,$11-30,Asahi Japanese Restaurant,3.0,37,74133,7831 E 71st St
210,NA,NA,NA,NA,NA,NA,NA,NA,NA,NA,NA,NA,NA,NA,NA,NA,NA,NA,NA,NA,NA,NA,NA,NA,NA,NA,NA,NA,NA,NA,NA,NA,NA,NA,NA,NA,NA,NA,NA,NA,NA,Sumo Sushi & Hibachi,NA,NA,74012,1728 N 9th St
211,No,NA,Yes,NA,Full Bar,NA,Casual,NA,No,Yes,NA,Yes,NA,NA,"Lunch, Dinner",NA,Yes,Yes,NA,No,NA,NA,NA,NA,NA,Yes,NA,NA,NA,Average,NA,NA,No,Private Lot,NA,Yes,Yes,Yes,Yes,No,$11-30,Fuji Sushi Bar,3.5,71,74133,8226 E 71st St
212,No,NA,Yes,NA,No,Casual,Casual,NA,Yes,Yes,NA,Yes,NA,NA,"Lunch, Dinner",NA,Yes,Yes,NA,NA,NA,NA,NA,NA,NA,No,NA,NA,NA,Quiet,NA,NA,No,Private Lot,NA,Yes,No,Yes,NA,No,Under $10,Asian Fusion,4.5,72,74133,6565 E 71st St
213,NA,NA,Yes,NA,Full Bar,Casual,Casual,NA,Yes,Yes,NA,No,NA,NA,"Lunch, Dinner",NA,Yes,Yes,NA,NA,NA,NA,NA,NA,NA,Yes,NA,NA,NA,Quiet,NA,NA,No,Private Lot,NA,Yes,Yes,NA,NA,No,$11-30,Sobahn,3.5,79,74133,7315 S Memorial Dr
214,No,NA,Yes,NA,No,Casual,Casual,NA,No,Yes,NA,No,NA,NA,"Lunch, Dinner",NA,Yes,Yes,NA,NA,NA,NA,NA,NA,NA,Yes,NA,NA,NA,Quiet,NA,NA,No,NA,NA,Yes,Yes,Yes,NA,No,$11-30,Seoul Bistro,4.5,84,74134,3161 S 129th E AveSte N
215,NA,NA,Yes,NA,NA,NA,NA,NA,NA,NA,NA,Yes,NA,NA,NA,NA,NA,NA,NA,NA,NA,NA,NA,NA,NA,NA,NA,NA,NA,NA,NA,NA,No,NA,NA,Yes,No,NA,No,No,NA,Aromas of Asia,3.0,6,74145,3530 S Sheridan Rd
216,NA,NA,Yes,NA,Full Bar,Casual,Casual,NA,No,No,NA,No,NA,NA,"Lunch, Dinner",NA,No,No,NA,NA,NA,NA,NA,NA,NA,Yes,NA,NA,NA,Average,NA,NA,No,Street,NA,Yes,No,NA,NA,No,$11-30,The Sushi Place,3.5,64,74103,115 W 3rd StSte 100
217,NA,NA,Yes,NA,Full Bar,Romantic,Dressy,NA,Yes,NA,NA,No,NA,NA,"Dinner, Dessert",NA,Yes,No,NA,NA,NA,NA,NA,NA,NA,No,NA,NA,NA,Quiet,NA,NA,No,Valet,NA,No,Yes,NA,NA,Free,Above $61,McGills on 19,3.5,49,74015,777 W Cherokee StHard Rock Hotel & Casino
218,NA,NA,Yes,NA,No,NA,Casual,NA,NA,NA,NA,No,NA,NA,Lunch,NA,Yes,Yes,NA,Yes,NA,NA,NA,NA,NA,Yes,NA,NA,NA,Average,NA,NA,No,Private Lot,NA,Yes,Yes,No,Yes,No,Under $10,Red Moon,3.5,24,74464,761 Holiday Dr
219,NA,NA,Yes,NA,Beer & Wine Only,Casual,Casual,NA,Yes,NA,NA,Yes,NA,NA,NA,NA,Yes,Yes,NA,NA,NA,NA,NA,NA,NA,Yes,NA,NA,NA,Quiet,NA,NA,No,Private Lot,NA,Yes,Yes,NA,NA,No,$11-30,Fu-Thai Sushi Bar,3.5,31,74146,5646 S Mingo Rd
220,Yes,NA,Yes,NA,Full Bar,Trendy,Casual,NA,No,Yes,NA,Yes,NA,NA,"Lunch, Dinner",NA,Yes,No,NA,NA,NA,NA,NA,NA,NA,Yes,NA,NA,NA,Very Loud,NA,NA,Yes,Private Lot,NA,Yes,Yes,NA,NA,Free,$11-30,In The Raw South,3.5,81,74133,6151 S Sheridan Rd
221,NA,NA,Yes,NA,Full Bar,NA,Casual,NA,Yes,NA,NA,No,NA,NA,"Lunch, Dinner",NA,Yes,No,NA,Yes,NA,NA,NA,NA,NA,Yes,NA,Yes,Yes,Average,NA,NA,Yes,Street,NA,Yes,Yes,NA,NA,No,$11-30,In the Raw Sushi,3.5,107,74105,3321 S Peoria Ave
222,NA,NA,Yes,NA,Beer & Wine Only,Casual,Casual,NA,No,Yes,NA,Yes,NA,NA,"Lunch, Dinner",NA,Yes,Yes,NA,NA,NA,NA,NA,NA,NA,Yes,NA,NA,NA,Average,NA,NA,No,Private Lot,NA,Yes,No,NA,NA,No,$11-30,Sushi Train,3.0,102,74135,3300 E 51st St
223,NA,NA,Yes,NA,Full Bar,NA,Casual,NA,No,No,NA,No,NA,NA,NA,NA,Yes,Yes,NA,NA,NA,NA,NA,NA,NA,No,NA,NA,NA,Loud,NA,NA,No,Private Lot,NA,Yes,Yes,NA,NA,No,$11-30,Shogun Steak House,3.0,41,74133,6808 S Memorial DrSte 224
224,No,NA,Yes,NA,No,NA,Casual,NA,No,Yes,NA,No,NA,NA,NA,NA,Yes,Yes,NA,NA,NA,NA,NA,NA,NA,No,NA,NA,NA,Average,NA,NA,No,NA,NA,Yes,No,NA,NA,Free,Under $10,Yummy Asia,4.0,11,74133,10903 S Memorial Dr
225,NA,NA,NA,NA,NA,NA,NA,NA,NA,NA,NA,No,NA,NA,NA,NA,NA,NA,NA,NA,NA,NA,NA,NA,NA,NA,NA,NA,NA,NA,NA,NA,NA,NA,NA,NA,NA,NA,NA,NA,NA,Sushi One,3.5,7,74066,808 E Taft Ave
226,NA,NA,Yes,NA,Beer & Wine Only,Casual,Casual,NA,Yes,Yes,NA,Yes,NA,NA,NA,NA,Yes,Yes,NA,NA,NA,NA,NA,NA,NA,Yes,NA,NA,NA,Average,NA,NA,No,Private Lot,NA,Yes,No,NA,NA,No,$11-30,Bento Asian Diner,3.5,40,74012,2315 W Kenosha St
227,No,NA,Yes,No,Beer & Wine Only,Casual,Casual,NA,Yes,Yes,NA,No,NA,NA,"Lunch, Dinner",NA,Yes,Yes,NA,NA,NA,NA,NA,NA,NA,No,NA,NA,Yes,Average,NA,NA,No,Street,NA,Yes,No,Yes,Yes,No,$11-30,Calaveras,4.0,172,74110,2326 E Admiral Blvd
228,NA,NA,Yes,NA,NA,NA,NA,NA,NA,NA,NA,Yes,NA,NA,NA,NA,Yes,Yes,NA,NA,NA,NA,NA,NA,NA,NA,NA,NA,NA,NA,NA,NA,No,NA,NA,Yes,No,NA,Yes,Free,NA,Asian Star Restaurant,4.5,7,74133,10030 S Mingo RdSte D
229,No,NA,Yes,NA,Full Bar,NA,Casual,NA,No,Yes,NA,Yes,NA,NA,"Lunch, Dinner",NA,Yes,Yes,NA,No,NA,NA,NA,NA,NA,Yes,NA,NA,NA,Average,NA,NA,No,Private Lot,NA,Yes,Yes,Yes,Yes,No,$11-30,Fuji Sushi Bar,3.5,71,74133,8226 E 71st St
230,No,NA,Yes,NA,No,Casual,Casual,NA,Yes,Yes,NA,Yes,NA,NA,"Lunch, Dinner",NA,Yes,Yes,NA,NA,NA,NA,NA,NA,NA,No,NA,NA,NA,Quiet,NA,NA,No,Private Lot,NA,Yes,No,Yes,NA,No,Under $10,Asian Fusion,4.5,72,74133,6565 E 71st St
231,NA,NA,Yes,NA,Full Bar,Casual,Casual,NA,Yes,Yes,NA,No,NA,NA,"Lunch, Dinner",NA,Yes,Yes,NA,NA,NA,NA,NA,NA,NA,Yes,NA,NA,NA,Quiet,NA,NA,No,Private Lot,NA,Yes,Yes,NA,NA,No,$11-30,Sobahn,3.5,79,74133,7315 S Memorial Dr
232,No,NA,Yes,NA,No,Casual,Casual,NA,No,Yes,NA,No,NA,NA,"Lunch, Dinner",NA,Yes,Yes,NA,NA,NA,NA,NA,NA,NA,Yes,NA,NA,NA,Quiet,NA,NA,No,NA,NA,Yes,Yes,Yes,NA,No,$11-30,Seoul Bistro,4.5,84,74134,3161 S 129th E AveSte N
233,NA,NA,Yes,NA,NA,NA,NA,NA,NA,NA,NA,Yes,NA,NA,NA,NA,NA,NA,NA,NA,NA,NA,NA,NA,NA,NA,NA,NA,NA,NA,NA,NA,No,NA,NA,Yes,No,NA,No,No,NA,Aromas of Asia,3.0,6,74145,3530 S Sheridan Rd
234,NA,NA,Yes,NA,Full Bar,Casual,Casual,NA,No,No,NA,No,NA,NA,"Lunch, Dinner",NA,No,No,NA,NA,NA,NA,NA,NA,NA,Yes,NA,NA,NA,Average,NA,NA,No,Street,NA,Yes,No,NA,NA,No,$11-30,The Sushi Place,3.5,64,74103,115 W 3rd StSte 100
235,NA,NA,Yes,NA,Full Bar,Romantic,Dressy,NA,Yes,NA,NA,No,NA,NA,"Dinner, Dessert",NA,Yes,No,NA,NA,NA,NA,NA,NA,NA,No,NA,NA,NA,Quiet,NA,NA,No,Valet,NA,No,Yes,NA,NA,Free,Above $61,McGills on 19,3.5,49,74015,777 W Cherokee StHard Rock Hotel & Casino
236,NA,NA,Yes,NA,No,NA,Casual,NA,NA,NA,NA,No,NA,NA,Lunch,NA,Yes,Yes,NA,Yes,NA,NA,NA,NA,NA,Yes,NA,NA,NA,Average,NA,NA,No,Private Lot,NA,Yes,Yes,No,Yes,No,Under $10,Red Moon,3.5,24,74464,761 Holiday Dr
237,NA,NA,Yes,NA,Beer & Wine Only,Casual,Casual,NA,Yes,NA,NA,Yes,NA,NA,NA,NA,Yes,Yes,NA,NA,NA,NA,NA,NA,NA,Yes,NA,NA,NA,Quiet,NA,NA,No,Private Lot,NA,Yes,Yes,NA,NA,No,$11-30,Fu-Thai Sushi Bar,3.5,31,74146,5646 S Mingo Rd
238,Yes,NA,Yes,NA,Full Bar,Trendy,Casual,NA,No,Yes,NA,Yes,NA,NA,"Lunch, Dinner",NA,Yes,No,NA,NA,NA,NA,NA,NA,NA,Yes,NA,NA,NA,Very Loud,NA,NA,Yes,Private Lot,NA,Yes,Yes,NA,NA,Free,$11-30,In The Raw South,3.5,81,74133,6151 S Sheridan Rd
239,NA,NA,Yes,NA,Full Bar,NA,Casual,NA,Yes,NA,NA,No,NA,NA,"Lunch, Dinner",NA,Yes,No,NA,Yes,NA,NA,NA,NA,NA,Yes,NA,Yes,Yes,Average,NA,NA,Yes,Street,NA,Yes,Yes,NA,NA,No,$11-30,In the Raw Sushi,3.5,107,74105,3321 S Peoria Ave
240,NA,NA,Yes,NA,Beer & Wine Only,Casual,Casual,NA,No,Yes,NA,Yes,NA,NA,"Lunch, Dinner",NA,Yes,Yes,NA,NA,NA,NA,NA,NA,NA,Yes,NA,NA,NA,Average,NA,NA,No,Private Lot,NA,Yes,No,NA,NA,No,$11-30,Sushi Train,3.0,102,74135,3300 E 51st St
241,NA,NA,Yes,NA,Full Bar,NA,Casual,NA,No,No,NA,No,NA,NA,NA,NA,Yes,Yes,NA,NA,NA,NA,NA,NA,NA,No,NA,NA,NA,Loud,NA,NA,No,Private Lot,NA,Yes,Yes,NA,NA,No,$11-30,Shogun Steak House,3.0,41,74133,6808 S Memorial DrSte 224
242,No,NA,Yes,NA,No,NA,Casual,NA,No,Yes,NA,No,NA,NA,NA,NA,Yes,Yes,NA,NA,NA,NA,NA,NA,NA,No,NA,NA,NA,Average,NA,NA,No,NA,NA,Yes,No,NA,NA,Free,Under $10,Yummy Asia,4.0,11,74133,10903 S Memorial Dr
243,NA,NA,NA,NA,NA,NA,NA,NA,NA,NA,NA,No,NA,NA,NA,NA,NA,NA,NA,NA,NA,NA,NA,NA,NA,NA,NA,NA,NA,NA,NA,NA,NA,NA,NA,NA,NA,NA,NA,NA,NA,Sushi One,3.5,7,74066,808 E Taft Ave
244,NA,NA,Yes,NA,Beer & Wine Only,Casual,Casual,NA,Yes,Yes,NA,Yes,NA,NA,NA,NA,Yes,Yes,NA,NA,NA,NA,NA,NA,NA,Yes,NA,NA,NA,Average,NA,NA,No,Private Lot,NA,Yes,No,NA,NA,No,$11-30,Bento Asian Diner,3.5,40,74012,2315 W Kenosha St
245,No,NA,Yes,No,Beer & Wine Only,Casual,Casual,NA,Yes,Yes,NA,No,NA,NA,"Lunch, Dinner",NA,Yes,Yes,NA,NA,NA,NA,NA,NA,NA,No,NA,NA,Yes,Average,NA,NA,No,Street,NA,Yes,No,Yes,Yes,No,$11-30,Calaveras,4.0,172,74110,2326 E Admiral Blvd
246,NA,NA,Yes,NA,NA,NA,NA,NA,NA,NA,NA,Yes,NA,NA,NA,NA,Yes,Yes,NA,NA,NA,NA,NA,NA,NA,NA,NA,NA,NA,NA,NA,NA,No,NA,NA,Yes,No,NA,Yes,Free,NA,Asian Star Restaurant,4.5,7,74133,10030 S Mingo RdSte D
247,NA,NA,Yes,NA,No,NA,Casual,NA,Yes,NA,NA,Yes,NA,NA,NA,NA,Yes,Yes,NA,NA,NA,NA,NA,NA,NA,Yes,NA,NA,NA,NA,NA,NA,No,NA,NA,Yes,No,NA,NA,No,Under $10,No 1 Kitchen,3.5,35,74012,1933 S Elm Pl
248,NA,NA,Yes,NA,No,NA,Casual,NA,NA,No,NA,Yes,NA,NA,NA,NA,No,No,NA,NA,NA,NA,NA,NA,NA,No,NA,NA,NA,Quiet,NA,NA,No,NA,NA,Yes,Yes,NA,NA,No,Under $10,Asian Star,3.0,14,74464,1313 S Muskogee Ave
249,No,NA,Yes,No,Beer & Wine Only,Casual,Casual,NA,No,No,NA,Yes,NA,NA,"Lunch, Dinner",NA,Yes,Yes,NA,NA,NA,NA,NA,NA,NA,No,NA,NA,NA,Average,NA,NA,No,NA,NA,Yes,Yes,NA,NA,No,$11-30,Bamboo Thai Bistro,4.0,149,74135,5079 S Yale Ave
250,Yes,NA,Yes,NA,Beer & Wine Only,Casual,NA,NA,Yes,No,NA,No,NA,NA,"Lunch, Dinner",NA,Yes,Yes,NA,NA,NA,Yes,NA,NA,NA,No,NA,NA,NA,Quiet,NA,NA,Yes,Private Lot,NA,Yes,No,NA,NA,No,Under $10,Pei Wei,3.5,49,74105,3535 S Peoria Ave
251,NA,NA,Yes,NA,Beer & Wine Only,Casual,Casual,NA,Yes,NA,NA,No,NA,NA,NA,NA,Yes,Yes,NA,NA,NA,NA,NA,NA,NA,Yes,NA,NA,Yes,Average,NA,NA,No,Private Lot,NA,Yes,No,NA,NA,No,$11-30,Hibachi Grill Super Buffet,2.5,37,74133,8110 E 74th Pl
252,NA,NA,No,NA,Full Bar,Classy,Casual,NA,Yes,Yes,NA,No,NA,NA,"Brunch, Lunch, Dinner",NA,Yes,Yes,NA,NA,NA,NA,NA,NA,NA,Yes,NA,NA,NA,Average,NA,NA,Yes,Private Lot,NA,Yes,Yes,NA,Yes,No,$11-30,Waterfront Grill,3.5,151,74037,120 Aquarium Dr
253,NA,NA,Yes,NA,No,NA,Casual,NA,Yes,Yes,NA,Yes,NA,NA,"Lunch, Dinner",NA,Yes,Yes,NA,NA,NA,NA,NA,NA,NA,Yes,NA,NA,NA,Average,NA,NA,No,NA,NA,Yes,NA,NA,NA,No,Under $10,The Rice Bowl Cafe,3.0,24,74145,4307 S Sheridan
254,NA,NA,Yes,NA,No,NA,Casual,NA,Yes,NA,NA,No,NA,NA,NA,NA,No,Yes,NA,NA,NA,NA,NA,NA,NA,No,NA,NA,NA,NA,NA,NA,No,NA,NA,Yes,No,NA,NA,Free,Under $10,Nori Japan,2.0,10,74133,7021 S Memorial DrSte 255B
255,NA,NA,Yes,NA,Full Bar,Romantic,Casual,NA,Yes,Yes,No,No,NA,NA,"Brunch, Dinner",NA,Yes,No,NA,NA,NA,NA,NA,NA,NA,Yes,NA,NA,Yes,Average,NA,NA,No,"Street, Private Lot",No,Yes,Yes,NA,NA,Free,$11-30,Palace Cafe,4.0,119,74120,1301 E 15th St
256,No,NA,Yes,NA,Full Bar,"Intimate, Romantic",Dressy,NA,No,Yes,NA,No,NA,NA,Dinner,NA,Yes,No,NA,NA,NA,NA,NA,NA,NA,No,NA,NA,NA,Quiet,NA,NA,No,Private Lot,NA,Yes,Yes,NA,NA,Free,$31-60,Bluestone Steakhouse & Seafood,3.5,68,74133,10032 S Sheridan RdSte J
257,NA,NA,Yes,NA,Full Bar,NA,Casual,NA,Yes,NA,NA,No,NA,NA,"Lunch, Dinner",NA,Yes,No,NA,Yes,NA,NA,NA,NA,NA,Yes,NA,Yes,Yes,Average,NA,NA,Yes,Street,NA,Yes,Yes,NA,NA,No,$11-30,In the Raw Sushi,3.5,107,74105,3321 S Peoria Ave
258,NA,NA,Yes,NA,Beer & Wine Only,Casual,Casual,NA,No,Yes,NA,Yes,NA,NA,"Lunch, Dinner",NA,Yes,Yes,NA,NA,NA,NA,NA,NA,NA,Yes,NA,NA,NA,Average,NA,NA,No,Private Lot,NA,Yes,No,NA,NA,No,$11-30,Sushi Train,3.0,102,74135,3300 E 51st St
259,NA,NA,Yes,NA,Full Bar,NA,Casual,NA,No,No,NA,No,NA,NA,NA,NA,Yes,Yes,NA,NA,NA,NA,NA,NA,NA,No,NA,NA,NA,Loud,NA,NA,No,Private Lot,NA,Yes,Yes,NA,NA,No,$11-30,Shogun Steak House,3.0,41,74133,6808 S Memorial DrSte 224
260,No,NA,Yes,NA,No,NA,Casual,NA,No,Yes,NA,No,NA,NA,NA,NA,Yes,Yes,NA,NA,NA,NA,NA,NA,NA,No,NA,NA,NA,Average,NA,NA,No,NA,NA,Yes,No,NA,NA,Free,Under $10,Yummy Asia,4.0,11,74133,10903 S Memorial Dr
261,NA,NA,NA,NA,NA,NA,NA,NA,NA,NA,NA,No,NA,NA,NA,NA,NA,NA,NA,NA,NA,NA,NA,NA,NA,NA,NA,NA,NA,NA,NA,NA,NA,NA,NA,NA,NA,NA,NA,NA,NA,Sushi One,3.5,7,74066,808 E Taft Ave
262,NA,NA,Yes,NA,Beer & Wine Only,Casual,Casual,NA,Yes,Yes,NA,Yes,NA,NA,NA,NA,Yes,Yes,NA,NA,NA,NA,NA,NA,NA,Yes,NA,NA,NA,Average,NA,NA,No,Private Lot,NA,Yes,No,NA,NA,No,$11-30,Bento Asian Diner,3.5,40,74012,2315 W Kenosha St
263,No,NA,Yes,No,Beer & Wine Only,Casual,Casual,NA,Yes,Yes,NA,No,NA,NA,"Lunch, Dinner",NA,Yes,Yes,NA,NA,NA,NA,NA,NA,NA,No,NA,NA,Yes,Average,NA,NA,No,Street,NA,Yes,No,Yes,Yes,No,$11-30,Calaveras,4.0,172,74110,2326 E Admiral Blvd
264,NA,NA,Yes,NA,NA,NA,NA,NA,NA,NA,NA,Yes,NA,NA,NA,NA,Yes,Yes,NA,NA,NA,NA,NA,NA,NA,NA,NA,NA,NA,NA,NA,NA,No,NA,NA,Yes,No,NA,Yes,Free,NA,Asian Star Restaurant,4.5,7,74133,10030 S Mingo RdSte D
265,NA,NA,Yes,NA,No,NA,Casual,NA,Yes,NA,NA,Yes,NA,NA,NA,NA,Yes,Yes,NA,NA,NA,NA,NA,NA,NA,Yes,NA,NA,NA,NA,NA,NA,No,NA,NA,Yes,No,NA,NA,No,Under $10,No 1 Kitchen,3.5,35,74012,1933 S Elm Pl
266,NA,NA,Yes,NA,No,NA,Casual,NA,NA,No,NA,Yes,NA,NA,NA,NA,No,No,NA,NA,NA,NA,NA,NA,NA,No,NA,NA,NA,Quiet,NA,NA,No,NA,NA,Yes,Yes,NA,NA,No,Under $10,Asian Star,3.0,14,74464,1313 S Muskogee Ave
267,No,NA,Yes,No,Beer & Wine Only,Casual,Casual,NA,No,No,NA,Yes,NA,NA,"Lunch, Dinner",NA,Yes,Yes,NA,NA,NA,NA,NA,NA,NA,No,NA,NA,NA,Average,NA,NA,No,NA,NA,Yes,Yes,NA,NA,No,$11-30,Bamboo Thai Bistro,4.0,149,74135,5079 S Yale Ave
268,Yes,NA,Yes,NA,Beer & Wine Only,Casual,NA,NA,Yes,No,NA,No,NA,NA,"Lunch, Dinner",NA,Yes,Yes,NA,NA,NA,Yes,NA,NA,NA,No,NA,NA,NA,Quiet,NA,NA,Yes,Private Lot,NA,Yes,No,NA,NA,No,Under $10,Pei Wei,3.5,49,74105,3535 S Peoria Ave
269,NA,NA,Yes,NA,Beer & Wine Only,Casual,Casual,NA,Yes,NA,NA,No,NA,NA,NA,NA,Yes,Yes,NA,NA,NA,NA,NA,NA,NA,Yes,NA,NA,Yes,Average,NA,NA,No,Private Lot,NA,Yes,No,NA,NA,No,$11-30,Hibachi Grill Super Buffet,2.5,37,74133,8110 E 74th Pl
270,NA,NA,No,NA,Full Bar,Classy,Casual,NA,Yes,Yes,NA,No,NA,NA,"Brunch, Lunch, Dinner",NA,Yes,Yes,NA,NA,NA,NA,NA,NA,NA,Yes,NA,NA,NA,Average,NA,NA,Yes,Private Lot,NA,Yes,Yes,NA,Yes,No,$11-30,Waterfront Grill,3.5,151,74037,120 Aquarium Dr
271,NA,NA,Yes,NA,No,NA,Casual,NA,Yes,Yes,NA,Yes,NA,NA,"Lunch, Dinner",NA,Yes,Yes,NA,NA,NA,NA,NA,NA,NA,Yes,NA,NA,NA,Average,NA,NA,No,NA,NA,Yes,NA,NA,NA,No,Under $10,The Rice Bowl Cafe,3.0,24,74145,4307 S Sheridan
272,NA,NA,Yes,NA,No,NA,Casual,NA,Yes,NA,NA,No,NA,NA,NA,NA,No,Yes,NA,NA,NA,NA,NA,NA,NA,No,NA,NA,NA,NA,NA,NA,No,NA,NA,Yes,No,NA,NA,Free,Under $10,Nori Japan,2.0,10,74133,7021 S Memorial DrSte 255B
273,NA,NA,Yes,NA,Full Bar,Romantic,Casual,NA,Yes,Yes,No,No,NA,NA,"Brunch, Dinner",NA,Yes,No,NA,NA,NA,NA,NA,NA,NA,Yes,NA,NA,Yes,Average,NA,NA,No,"Street, Private Lot",No,Yes,Yes,NA,NA,Free,$11-30,Palace Cafe,4.0,119,74120,1301 E 15th St
274,No,NA,Yes,NA,Full Bar,"Intimate, Romantic",Dressy,NA,No,Yes,NA,No,NA,NA,Dinner,NA,Yes,No,NA,NA,NA,NA,NA,NA,NA,No,NA,NA,NA,Quiet,NA,NA,No,Private Lot,NA,Yes,Yes,NA,NA,Free,$31-60,Bluestone Steakhouse & Seafood,3.5,68,74133,10032 S Sheridan RdSte J
275,Yes,NA,Yes,NA,Beer & Wine Only,NA,NA,NA,No,Yes,NA,No,NA,NA,Lunch,NA,Yes,Yes,NA,NA,NA,Yes,NA,NA,NA,No,NA,NA,NA,Average,NA,NA,Yes,NA,NA,Yes,No,NA,NA,Free,$11-30,Pei Wei,3.0,42,74012,4609 W Kenosha St
276,NA,NA,Yes,NA,Full Bar,Casual,Casual,NA,Yes,No,NA,No,NA,NA,"Lunch, Dinner",NA,Yes,Yes,NA,NA,NA,NA,NA,NA,NA,Yes,NA,NA,NA,Average,NA,NA,Yes,Private Lot,NA,Yes,Yes,NA,NA,No,$11-30,Fish Daddy’s Grill House,3.5,111,74133,10624 E 71st St
277,NA,NA,Yes,NA,Beer & Wine Only,NA,NA,NA,Yes,NA,NA,No,NA,NA,"Lunch, Dinner",NA,Yes,Yes,NA,NA,NA,Yes,NA,NA,NA,No,NA,NA,NA,NA,NA,NA,No,Private Lot,NA,Yes,No,NA,NA,No,Under $10,Pei Wei,2.5,34,74133,10005 S Memorial DrSte 10
